-- Заполнение таблиц db.grow: 
-- (Для генерации использовался сервис http://filldb.info/ )
-- users
INSERT INTO `users` (`id`, `first_name`, `last_name`, `email`, `password_hash`, `phone`) VALUES ('1', 'Aglae', 'VonRueden', 'cremin.jayde@example.net', 'c8f7512edb0b28f990a92b5d7e34b82aefc10230', '89337958618');
INSERT INTO `users` (`id`, `first_name`, `last_name`, `email`, `password_hash`, `phone`) VALUES ('2', 'Cielo', 'Kutch', 'sblanda@example.org', '845ddafc2e833d10c8d02a2cc231123b41427be6', '89771489943');
INSERT INTO `users` (`id`, `first_name`, `last_name`, `email`, `password_hash`, `phone`) VALUES ('3', 'Willow', 'Thiel', 'lowe.joesph@example.net', 'a0de9cb3e02ca542d04c98954eaac23035053bf3', '89423953955');
INSERT INTO `users` (`id`, `first_name`, `last_name`, `email`, `password_hash`, `phone`) VALUES ('4', 'Alia', 'Feeney', 'nveum@example.com', '1db8e4bbf77c0e34f518023b19140f251d32be51', '89431394584');
INSERT INTO `users` (`id`, `first_name`, `last_name`, `email`, `password_hash`, `phone`) VALUES ('5', 'Trycia', 'Price', 'daisy03@example.org', '356a2cfd7d8aaab69ae872d7bd39fde8c75c0c85', '89169213136');
INSERT INTO `users` (`id`, `first_name`, `last_name`, `email`, `password_hash`, `phone`) VALUES ('6', 'Kaia', 'Jerde', 'tgibson@example.com', '75726f0fd5bd242f5012f0d6e00c2f12fafdadab', '89746667757');
INSERT INTO `users` (`id`, `first_name`, `last_name`, `email`, `password_hash`, `phone`) VALUES ('7', 'Viva', 'Jacobson', 'kyra07@example.net', '58ab3de5c3c027386acbf8c8b020fa7e16344d6c', '89588223147');
INSERT INTO `users` (`id`, `first_name`, `last_name`, `email`, `password_hash`, `phone`) VALUES ('8', 'Cody', 'Powlowski', 'carley00@example.com', '8e2ed8a502bb50b9ed058650d7ca0b16e5424aeb', '89905344719');
INSERT INTO `users` (`id`, `first_name`, `last_name`, `email`, `password_hash`, `phone`) VALUES ('9', 'Marcelo', 'Senger', 'spinka.aric@example.com', '15ba5e186f795174e7b430151b90822edcca27bf', '89190096363');
INSERT INTO `users` (`id`, `first_name`, `last_name`, `email`, `password_hash`, `phone`) VALUES ('10', 'Mabelle', 'Parker', 'dan02@example.org', '2539d964c31e236a15b9a5380af89604c37c5c03', '89010351268');
INSERT INTO `users` (`id`, `first_name`, `last_name`, `email`, `password_hash`, `phone`) VALUES ('11', 'Melyssa', 'McClure', 'danyka82@example.com', 'ef25baacc2c42a28d1cb382903c818b00ad4cd10', '89754437494');
INSERT INTO `users` (`id`, `first_name`, `last_name`, `email`, `password_hash`, `phone`) VALUES ('12', 'Maddison', 'Schmidt', 'price.esteban@example.net', 'ade6258a2dcad114c6293a70063224ec8a95898e', '89716633654');
INSERT INTO `users` (`id`, `first_name`, `last_name`, `email`, `password_hash`, `phone`) VALUES ('13', 'Neil', 'Zieme', 'elwyn.miller@example.com', '9a15a89f0ad1a6d29a510f2c2adf628f8c06f2fd', '89459229439');
INSERT INTO `users` (`id`, `first_name`, `last_name`, `email`, `password_hash`, `phone`) VALUES ('14', 'Isai', 'Christiansen', 'kuvalis.grayce@example.org', '7e81561f791550991f388c325d63e8d555f7277d', '89769330068');
INSERT INTO `users` (`id`, `first_name`, `last_name`, `email`, `password_hash`, `phone`) VALUES ('15', 'Samanta', 'Rosenbaum', 'kuhn.gisselle@example.net', '1b107df2604861cc66e86ca35f63e095d92d6f9e', '89454773917');
INSERT INTO `users` (`id`, `first_name`, `last_name`, `email`, `password_hash`, `phone`) VALUES ('16', 'Stan', 'Abernathy', 'walter.myrl@example.com', '83c6dc5d7377cb5abe952e45ab416834ba4b1bf0', '89628933704');
INSERT INTO `users` (`id`, `first_name`, `last_name`, `email`, `password_hash`, `phone`) VALUES ('17', 'Manuela', 'Ankunding', 'bonnie30@example.org', '68e0748750ab301735b6740fa372d62f4f3a98d8', '89810221153');
INSERT INTO `users` (`id`, `first_name`, `last_name`, `email`, `password_hash`, `phone`) VALUES ('18', 'Miles', 'Kuhic', 'lazaro58@example.org', '9f20cf592a65bd6667e6b83f52702e04b3d0f1d1', '89125954796');
INSERT INTO `users` (`id`, `first_name`, `last_name`, `email`, `password_hash`, `phone`) VALUES ('19', 'Foster', 'Rogahn', 'russel70@example.org', '03f4dde65b13115a89b0f47c6fba284e0d6edfc6', '89856325528');
INSERT INTO `users` (`id`, `first_name`, `last_name`, `email`, `password_hash`, `phone`) VALUES ('20', 'Aurelie', 'Hackett', 'nroberts@example.net', '39346b35305f5887c07911ff1449a9c9f55f72e5', '89678448789');
INSERT INTO `users` (`id`, `first_name`, `last_name`, `email`, `password_hash`, `phone`) VALUES ('21', 'Lowell', 'Dietrich', 'xbalistreri@example.com', 'f4b8d4ad7d8639fc57a4612dc22bab7c3b679f3b', '89311549853');
INSERT INTO `users` (`id`, `first_name`, `last_name`, `email`, `password_hash`, `phone`) VALUES ('22', 'Terrill', 'Koch', 'hackett.elian@example.org', '205057617434cb3e1d462c1d26474fb94c3c0a41', '89936705651');
INSERT INTO `users` (`id`, `first_name`, `last_name`, `email`, `password_hash`, `phone`) VALUES ('23', 'Hilda', 'Streich', 'upton.toy@example.net', 'b96bfe41b41196b108b78390cc25bb6341641c5b', '89545361107');
INSERT INTO `users` (`id`, `first_name`, `last_name`, `email`, `password_hash`, `phone`) VALUES ('24', 'Amber', 'Romaguera', 'tracey99@example.org', 'd14be1fecf10019a879afff97b8bbe16e23e25cc', '89125696360');
INSERT INTO `users` (`id`, `first_name`, `last_name`, `email`, `password_hash`, `phone`) VALUES ('25', 'Vada', 'Lakin', 'cora.ullrich@example.org', '249ebb8155d96a1f49af6e478a108d55dca8438d', '89731544336');
INSERT INTO `users` (`id`, `first_name`, `last_name`, `email`, `password_hash`, `phone`) VALUES ('26', 'Yesenia', 'Abshire', 'esther.o\'connell@example.com', 'd0b66f2dc2eb4bcf6dd1b0a65bbf4bbf048ed09e', '89842104678');
INSERT INTO `users` (`id`, `first_name`, `last_name`, `email`, `password_hash`, `phone`) VALUES ('27', 'Sherwood', 'Corwin', 'johann.ullrich@example.org', '68ed0940dcfe0bc0a4c7d3b740c62f896918e012', '89737080622');
INSERT INTO `users` (`id`, `first_name`, `last_name`, `email`, `password_hash`, `phone`) VALUES ('28', 'Lilian', 'Abbott', 'd\'amore.flo@example.net', '80a95c8ceec21a8286762aaddda47f618d6b8e4e', '89158505592');
INSERT INTO `users` (`id`, `first_name`, `last_name`, `email`, `password_hash`, `phone`) VALUES ('29', 'Stephen', 'Waters', 'yruecker@example.com', '941689d8a04b7250ce04c99ae7883c0b6197ff48', '89404699632');
INSERT INTO `users` (`id`, `first_name`, `last_name`, `email`, `password_hash`, `phone`) VALUES ('30', 'Keagan', 'Wolf', 'leannon.celestine@example.org', '2a6cb5452308d877acdcba5d03d8ea2705496152', '89869657550');
INSERT INTO `users` (`id`, `first_name`, `last_name`, `email`, `password_hash`, `phone`) VALUES ('31', 'Estrella', 'Hirthe', 'edythe50@example.net', '78fcec6bf33f6cad1438ee11b1f7924090711328', '89650849772');
INSERT INTO `users` (`id`, `first_name`, `last_name`, `email`, `password_hash`, `phone`) VALUES ('32', 'Lorine', 'Dickinson', 'marvin.colleen@example.org', '0392e6f197d0eb8e342671b684ad0a5ca88b0cc2', '89111685351');
INSERT INTO `users` (`id`, `first_name`, `last_name`, `email`, `password_hash`, `phone`) VALUES ('33', 'Darryl', 'Wisoky', 'stoltenberg.valentina@example.net', 'f26fe76ae136ead6b00f46934f616938b5d6e063', '89106912208');
INSERT INTO `users` (`id`, `first_name`, `last_name`, `email`, `password_hash`, `phone`) VALUES ('34', 'Leland', 'Effertz', 'lrolfson@example.org', '7759f9c0efa3432631a8a77228c0dd2827d328eb', '89734846971');
INSERT INTO `users` (`id`, `first_name`, `last_name`, `email`, `password_hash`, `phone`) VALUES ('35', 'Bertrand', 'Abshire', 'beatty.terry@example.org', '28d482221d9280cc0defd3f3a1fc5cb5d3e8f61d', '89941411896');
INSERT INTO `users` (`id`, `first_name`, `last_name`, `email`, `password_hash`, `phone`) VALUES ('36', 'Gabrielle', 'Kilback', 'keebler.hallie@example.net', '5fd25e9d6b285c618c5fd077aa18a54a66bc4ff4', '89129745379');
INSERT INTO `users` (`id`, `first_name`, `last_name`, `email`, `password_hash`, `phone`) VALUES ('37', 'Oma', 'Pacocha', 'pollich.felipa@example.net', '40083b907da4d52d074b616be8020172eccd1e31', '89733749042');
INSERT INTO `users` (`id`, `first_name`, `last_name`, `email`, `password_hash`, `phone`) VALUES ('38', 'Talon', 'Fay', 'jarvis92@example.org', 'ee721328c9af15468923064b4f543cadbe57ec31', '89428521146');
INSERT INTO `users` (`id`, `first_name`, `last_name`, `email`, `password_hash`, `phone`) VALUES ('39', 'Anabelle', 'Deckow', 'treutel.therese@example.net', 'c66d9fa62b06c37710c6d5d47e45a1e0926b4a67', '89886298787');
INSERT INTO `users` (`id`, `first_name`, `last_name`, `email`, `password_hash`, `phone`) VALUES ('40', 'Gennaro', 'Moen', 'lueilwitz.greyson@example.com', 'ff141ea4333bbe69129ca17d588a2da96bea58f1', '89577046175');
INSERT INTO `users` (`id`, `first_name`, `last_name`, `email`, `password_hash`, `phone`) VALUES ('41', 'Lora', 'Ryan', 'rhoeger@example.net', 'b0711c3ff99a2015e0d4bd26b31919c52c51a088', '89423922455');
INSERT INTO `users` (`id`, `first_name`, `last_name`, `email`, `password_hash`, `phone`) VALUES ('42', 'Adela', 'Carroll', 'wkrajcik@example.org', 'be537d233d2a77c421f7dfd21acd0d5cba5cece9', '89242097556');
INSERT INTO `users` (`id`, `first_name`, `last_name`, `email`, `password_hash`, `phone`) VALUES ('43', 'Oswald', 'Jast', 'o\'kon.matilda@example.org', '8aae9df71f2740f6f3376ad4f6cdc4d2328f9f17', '89176039845');
INSERT INTO `users` (`id`, `first_name`, `last_name`, `email`, `password_hash`, `phone`) VALUES ('44', 'Christiana', 'Ullrich', 'prosacco.eloisa@example.org', '0a3de714bcb22fb4428438894fc19dc2659d0ff5', '89715668660');
INSERT INTO `users` (`id`, `first_name`, `last_name`, `email`, `password_hash`, `phone`) VALUES ('45', 'Bert', 'Armstrong', 'koelpin.loraine@example.net', 'd34c63a24c5e3d0df44690923fab66a912638c27', '89054838059');
INSERT INTO `users` (`id`, `first_name`, `last_name`, `email`, `password_hash`, `phone`) VALUES ('46', 'Mose', 'Schultz', 'wolf.curtis@example.com', '8bab97f24eca1f584715b36dd04cf4730e9ae07e', '89722742048');
INSERT INTO `users` (`id`, `first_name`, `last_name`, `email`, `password_hash`, `phone`) VALUES ('47', 'Merl', 'Ziemann', 'shanna.bechtelar@example.com', 'f048bf6295c484295a9c2e66bf4979cc1e1d647e', '89716812352');
INSERT INTO `users` (`id`, `first_name`, `last_name`, `email`, `password_hash`, `phone`) VALUES ('48', 'Margarita', 'Spinka', 'fredy.balistreri@example.org', '812ed293af87de0bc318688986e56f166400e4f0', '89793085249');
INSERT INTO `users` (`id`, `first_name`, `last_name`, `email`, `password_hash`, `phone`) VALUES ('49', 'Elmer', 'Cormier', 'ahackett@example.net', '90fef1cbe4cdd74f8d9b2942b037fe20c58fd21d', '89603755067');
INSERT INTO `users` (`id`, `first_name`, `last_name`, `email`, `password_hash`, `phone`) VALUES ('50', 'Isac', 'Osinski', 'sandra.kunde@example.org', '1ddd61945d7f5273099b8366de8833a945100f3b', '89218026523');
INSERT INTO `users` (`id`, `first_name`, `last_name`, `email`, `password_hash`, `phone`) VALUES ('51', 'Devyn', 'Klocko', 'alejandra.mclaughlin@example.net', '2db7999f080fc773493fcbdc50a5c972b0da7827', '89297986968');
INSERT INTO `users` (`id`, `first_name`, `last_name`, `email`, `password_hash`, `phone`) VALUES ('52', 'Frederic', 'Waelchi', 'leilani39@example.com', '3db8e798b203883714867d6b79fdd0099dff933c', '89659029610');
INSERT INTO `users` (`id`, `first_name`, `last_name`, `email`, `password_hash`, `phone`) VALUES ('53', 'Jonathan', 'Tromp', 'schuyler59@example.com', '7c24c0dce10cbf28de17a17c2e1a3718d2372907', '89504978724');
INSERT INTO `users` (`id`, `first_name`, `last_name`, `email`, `password_hash`, `phone`) VALUES ('54', 'Myrl', 'Legros', 'jerald.kutch@example.com', '429ce9dd22c2b2fceb59d8e0e91cec3e319947c4', '89068318330');
INSERT INTO `users` (`id`, `first_name`, `last_name`, `email`, `password_hash`, `phone`) VALUES ('55', 'Mac', 'Runolfsdottir', 'samantha78@example.net', 'e38ac4f7890178c61ba617921bb68b3eb9899122', '89707695571');
INSERT INTO `users` (`id`, `first_name`, `last_name`, `email`, `password_hash`, `phone`) VALUES ('56', 'Gail', 'Wunsch', 'amie.tillman@example.org', 'da48bccce2e54e1567138ce0d64aa5f148e536b0', '89372154359');
INSERT INTO `users` (`id`, `first_name`, `last_name`, `email`, `password_hash`, `phone`) VALUES ('57', 'Evans', 'McGlynn', 'marcelle97@example.com', '1022fb9c0549d723b801364b86ada8ce073eac3f', '89894501665');
INSERT INTO `users` (`id`, `first_name`, `last_name`, `email`, `password_hash`, `phone`) VALUES ('58', 'Stanford', 'Jacobson', 'fhermiston@example.org', '044d6e8dd0f838e3cea3e4ba45d743cdeef9483b', '89018819592');
INSERT INTO `users` (`id`, `first_name`, `last_name`, `email`, `password_hash`, `phone`) VALUES ('59', 'Ruben', 'Mertz', 'kane.wiegand@example.com', 'f1643e7cf230c3862121c69c18919a4ae92c5935', '89759599367');
INSERT INTO `users` (`id`, `first_name`, `last_name`, `email`, `password_hash`, `phone`) VALUES ('60', 'Kraig', 'Ondricka', 'pierre59@example.com', '9ecfe9f4d36fbdf0b507beedc85863da35b9ce9c', '89278845305');
INSERT INTO `users` (`id`, `first_name`, `last_name`, `email`, `password_hash`, `phone`) VALUES ('61', 'Henriette', 'Schimmel', 'schaefer.ansley@example.com', 'f63dbadda50182fbac60d13e529beffe69f8515a', '89250411882');
INSERT INTO `users` (`id`, `first_name`, `last_name`, `email`, `password_hash`, `phone`) VALUES ('62', 'Lizzie', 'Willms', 'herzog.lola@example.com', '670be6dc566e7904a7d70ff111cbc36cba472490', '89198685687');
INSERT INTO `users` (`id`, `first_name`, `last_name`, `email`, `password_hash`, `phone`) VALUES ('63', 'Marshall', 'Huel', 'kkuphal@example.net', 'afdb41eef0953b42f7c20e2ed21429db354f2f0f', '89052913173');
INSERT INTO `users` (`id`, `first_name`, `last_name`, `email`, `password_hash`, `phone`) VALUES ('64', 'Milo', 'Steuber', 'garland.ernser@example.net', '9bafdae91d0c922e3c403961fe98fea132dbd200', '89026581239');
INSERT INTO `users` (`id`, `first_name`, `last_name`, `email`, `password_hash`, `phone`) VALUES ('65', 'Turner', 'Schaefer', 'lillian.kreiger@example.com', 'ce5bebebde81c23c2e5d94542baf486780635de3', '89213441552');
INSERT INTO `users` (`id`, `first_name`, `last_name`, `email`, `password_hash`, `phone`) VALUES ('66', 'Zita', 'Hauck', 'geovany23@example.org', '0714dc972f5a303e7344ab1152101569716c827b', '89217608075');
INSERT INTO `users` (`id`, `first_name`, `last_name`, `email`, `password_hash`, `phone`) VALUES ('67', 'Ewald', 'O\'Keefe', 'fhaley@example.com', '4139b9a8dcf015318a3e8c723842960afa26cfa7', '89071017847');
INSERT INTO `users` (`id`, `first_name`, `last_name`, `email`, `password_hash`, `phone`) VALUES ('68', 'Eldred', 'Boehm', 'schuster.florian@example.org', '4d045d46e1b4b5e64de4bfb1d50ee2216630ed93', '89388175594');
INSERT INTO `users` (`id`, `first_name`, `last_name`, `email`, `password_hash`, `phone`) VALUES ('69', 'Casey', 'Goldner', 'ziemann.leonor@example.net', '1108f9b99d60e703254b22e9cc0cf7b0484185e6', '89848101081');
INSERT INTO `users` (`id`, `first_name`, `last_name`, `email`, `password_hash`, `phone`) VALUES ('70', 'Kaylin', 'Veum', 'filiberto.littel@example.org', 'c8136c8942ca4bec31fa6aa9274b1efa5986483c', '89886626862');
INSERT INTO `users` (`id`, `first_name`, `last_name`, `email`, `password_hash`, `phone`) VALUES ('71', 'Effie', 'Quigley', 'murl50@example.org', '9bc75e88dbaee46df1aabb42753fbb77919fdd4a', '89975603844');
INSERT INTO `users` (`id`, `first_name`, `last_name`, `email`, `password_hash`, `phone`) VALUES ('72', 'Bria', 'Rolfson', 'bertha.hickle@example.net', 'b50deb4ef0ede6263762afe76301245da49d92e5', '89900527190');
INSERT INTO `users` (`id`, `first_name`, `last_name`, `email`, `password_hash`, `phone`) VALUES ('73', 'Mary', 'Waelchi', 'cbarton@example.com', 'a61fbdf4a0435afbea4b57e7fc06caba87631663', '89086122748');
INSERT INTO `users` (`id`, `first_name`, `last_name`, `email`, `password_hash`, `phone`) VALUES ('74', 'Eldora', 'Wyman', 'kuhic.owen@example.org', 'ee4dc9de555797271c07b3a2c9e0c4b8b5e7f183', '89218488530');
INSERT INTO `users` (`id`, `first_name`, `last_name`, `email`, `password_hash`, `phone`) VALUES ('75', 'Gloria', 'Corkery', 'nolan.jarrett@example.org', '42467bcfb3db8dead40cb778258724dd7dcb3906', '89444079350');
INSERT INTO `users` (`id`, `first_name`, `last_name`, `email`, `password_hash`, `phone`) VALUES ('76', 'Rod', 'Pagac', 'dfritsch@example.net', '76f1c069997fd2e3aa98c83d74910e5c8b24e21d', '89482442584');
INSERT INTO `users` (`id`, `first_name`, `last_name`, `email`, `password_hash`, `phone`) VALUES ('77', 'Elnora', 'Stark', 'ritchie.imelda@example.org', 'c9b31fbcfbc4b8bec7d0e5b09623db4ade3e0a1d', '89464717156');
INSERT INTO `users` (`id`, `first_name`, `last_name`, `email`, `password_hash`, `phone`) VALUES ('78', 'Korbin', 'Lesch', 'bergstrom.alisa@example.org', '933c81d771db7d221899f5e7ecd9bd4e76b4e8e1', '89861458428');
INSERT INTO `users` (`id`, `first_name`, `last_name`, `email`, `password_hash`, `phone`) VALUES ('79', 'Roman', 'Schuppe', 'odie29@example.com', 'f445578c91acda0f47577343ad52f82e2cad1fd2', '89343486216');
INSERT INTO `users` (`id`, `first_name`, `last_name`, `email`, `password_hash`, `phone`) VALUES ('80', 'Linnea', 'Gerhold', 'qwhite@example.com', 'f118673cffb14532327aed14cc4dd93830828eed', '89375390857');
INSERT INTO `users` (`id`, `first_name`, `last_name`, `email`, `password_hash`, `phone`) VALUES ('81', 'Elbert', 'Bayer', 'kschowalter@example.net', '7a47d99adc61a2ae218614a112fb137e1817d79c', '89838754471');
INSERT INTO `users` (`id`, `first_name`, `last_name`, `email`, `password_hash`, `phone`) VALUES ('82', 'Kaitlyn', 'Upton', 'haag.linnea@example.com', '29cb8294f2db4a1413c03b56944b19d52ea81f96', '89294783089');
INSERT INTO `users` (`id`, `first_name`, `last_name`, `email`, `password_hash`, `phone`) VALUES ('83', 'Gilberto', 'Hessel', 'christina.hermann@example.org', '660db4468956e9d44b9ca98951bd8d9912e58abb', '89710997832');
INSERT INTO `users` (`id`, `first_name`, `last_name`, `email`, `password_hash`, `phone`) VALUES ('84', 'Amaya', 'Pouros', 'allene31@example.org', 'a7e11800a19824cfbac321ca654182a8bfb6b2f6', '89477093699');
INSERT INTO `users` (`id`, `first_name`, `last_name`, `email`, `password_hash`, `phone`) VALUES ('85', 'Amparo', 'Kovacek', 'alvina56@example.net', '88517a00f2f2ee9486db56edf1e90ba76da5c76e', '89673117762');
INSERT INTO `users` (`id`, `first_name`, `last_name`, `email`, `password_hash`, `phone`) VALUES ('86', 'Jennifer', 'Gerhold', 'lemke.ervin@example.com', 'd76a197b9cf40c2cf22c2dfc6e8e8a6bf1fcbe83', '89128212296');
INSERT INTO `users` (`id`, `first_name`, `last_name`, `email`, `password_hash`, `phone`) VALUES ('87', 'Clyde', 'Hoppe', 'umclaughlin@example.com', '67a1958a0fc763ad3fe1a6ddee88fe6c36492bb1', '89649161712');
INSERT INTO `users` (`id`, `first_name`, `last_name`, `email`, `password_hash`, `phone`) VALUES ('88', 'Cleve', 'Lynch', 'aufderhar.marcus@example.org', '16798418d131c2f316586b5942d3472268ebc93e', '89050809111');
INSERT INTO `users` (`id`, `first_name`, `last_name`, `email`, `password_hash`, `phone`) VALUES ('89', 'Marietta', 'Hand', 'dora.nolan@example.org', '39d460fb4ea2bd0247894f944aacca28f3eb3f0b', '89225609704');
INSERT INTO `users` (`id`, `first_name`, `last_name`, `email`, `password_hash`, `phone`) VALUES ('90', 'Krystal', 'Davis', 'predovic.rebeca@example.org', '31e7bdd69ea842263bd344e8502df8fd96f0bf45', '89333256627');
INSERT INTO `users` (`id`, `first_name`, `last_name`, `email`, `password_hash`, `phone`) VALUES ('91', 'Ally', 'Nicolas', 'hluettgen@example.org', '1d22f97bde24c24b3c05ee2f8d7c87d6a14cf6eb', '89023114832');
INSERT INTO `users` (`id`, `first_name`, `last_name`, `email`, `password_hash`, `phone`) VALUES ('92', 'Barry', 'Cummings', 'uhackett@example.com', '4c0381f6ad52ee009089decba215317cb7ca313d', '89198494020');
INSERT INTO `users` (`id`, `first_name`, `last_name`, `email`, `password_hash`, `phone`) VALUES ('93', 'Stanford', 'Witting', 'skohler@example.com', '72f6b408736d413a5c571f082f7dd21a479f6745', '89049105601');
INSERT INTO `users` (`id`, `first_name`, `last_name`, `email`, `password_hash`, `phone`) VALUES ('94', 'Glennie', 'Walter', 'maud.bartoletti@example.com', '8626779edbd1900f4c3e50f06ff62736fb9cc151', '89586643896');
INSERT INTO `users` (`id`, `first_name`, `last_name`, `email`, `password_hash`, `phone`) VALUES ('95', 'Luther', 'Schmitt', 'alena.waters@example.net', '9c24b9e206a916f4103802f633a87b00f422e3d4', '89744333190');
INSERT INTO `users` (`id`, `first_name`, `last_name`, `email`, `password_hash`, `phone`) VALUES ('96', 'Amely', 'Aufderhar', 'muhammad.maggio@example.net', '8b3b0c110a68f1fcb3957d72de878faa754c7bd1', '89848555347');
INSERT INTO `users` (`id`, `first_name`, `last_name`, `email`, `password_hash`, `phone`) VALUES ('97', 'Cara', 'Mayert', 'qwolff@example.net', '14232e6bd6ffc036cf5bdbdc68aec1f8fd64d495', '89626456800');
INSERT INTO `users` (`id`, `first_name`, `last_name`, `email`, `password_hash`, `phone`) VALUES ('98', 'Jamir', 'Wolf', 'thea65@example.net', '62e77d772980203ee7f9b2f2be58d7e07ed7f76a', '89690349466');
INSERT INTO `users` (`id`, `first_name`, `last_name`, `email`, `password_hash`, `phone`) VALUES ('99', 'Alessandro', 'Mueller', 'lsatterfield@example.org', '06930f9bc5b335eadb33ffb827a1829fd498b396', '89988150937');
INSERT INTO `users` (`id`, `first_name`, `last_name`, `email`, `password_hash`, `phone`) VALUES ('100', 'Jacynthe', 'Connelly', 'dooley.felipa@example.com', '1de9915c13cb86ee9aa71c63feef663b25acb7ff', '89682071926');

-- media_user(photo_file,photo_albums,vide_file)
INSERT INTO photo_albums (name)
VALUES ('downloads'),('knowledge_base');

INSERT INTO `photo_file` (`id`, `albums_id`, `file`) VALUES ('3', '2', 'foto.jpeg');
INSERT INTO `photo_file` (`id`, `albums_id`, `file`) VALUES ('4', '1', 'foto.jpeg');
INSERT INTO `photo_file` (`id`, `albums_id`, `file`) VALUES ('5', '2', 'foto.jpeg');
INSERT INTO `photo_file` (`id`, `albums_id`, `file`) VALUES ('6', '2', 'foto.jpeg');
INSERT INTO `photo_file` (`id`, `albums_id`, `file`) VALUES ('7', '2', 'foto.jpeg');
INSERT INTO `photo_file` (`id`, `albums_id`, `file`) VALUES ('8', '1', 'foto.jpeg');
INSERT INTO `photo_file` (`id`, `albums_id`, `file`) VALUES ('9', '1', 'foto.jpeg');
INSERT INTO `photo_file` (`id`, `albums_id`, `file`) VALUES ('10', '1', 'foto.jpeg');
INSERT INTO `photo_file` (`id`, `albums_id`, `file`) VALUES ('11', '1', 'foto.jpeg');
INSERT INTO `photo_file` (`id`, `albums_id`, `file`) VALUES ('12', '1', 'foto.jpeg');
INSERT INTO `photo_file` (`id`, `albums_id`, `file`) VALUES ('13', '1', 'foto.jpeg');
INSERT INTO `photo_file` (`id`, `albums_id`, `file`) VALUES ('14', '1', 'foto.jpeg');
INSERT INTO `photo_file` (`id`, `albums_id`, `file`) VALUES ('15', '2', 'foto.jpeg');
INSERT INTO `photo_file` (`id`, `albums_id`, `file`) VALUES ('16', '1', 'foto.jpeg');
INSERT INTO `photo_file` (`id`, `albums_id`, `file`) VALUES ('17', '2', 'foto.jpeg');
INSERT INTO `photo_file` (`id`, `albums_id`, `file`) VALUES ('18', '2', 'foto.jpeg');
INSERT INTO `photo_file` (`id`, `albums_id`, `file`) VALUES ('19', '2', 'foto.jpeg');
INSERT INTO `photo_file` (`id`, `albums_id`, `file`) VALUES ('20', '1', 'foto.jpeg');

INSERT INTO `photo_file` (`id`, `albums_id`, `file`, `created_at`) VALUES ('21', '1', 'utz', '2003-04-08 00:24:19');
INSERT INTO `photo_file` (`id`, `albums_id`, `file`, `created_at`) VALUES ('22', '1', 'kwt', '1984-05-07 02:04:51');
INSERT INTO `photo_file` (`id`, `albums_id`, `file`, `created_at`) VALUES ('23', '1', 'ulx', '1996-06-09 14:34:16');
INSERT INTO `photo_file` (`id`, `albums_id`, `file`, `created_at`) VALUES ('24', '2', 'nsf', '2006-11-22 10:01:23');
INSERT INTO `photo_file` (`id`, `albums_id`, `file`, `created_at`) VALUES ('25', '2', 'qxb', '1979-03-15 10:32:16');
INSERT INTO `photo_file` (`id`, `albums_id`, `file`, `created_at`) VALUES ('26', '2', 'sv4crc', '1985-04-25 15:01:52');
INSERT INTO `photo_file` (`id`, `albums_id`, `file`, `created_at`) VALUES ('27', '2', 'tga', '1976-09-24 05:46:49');
INSERT INTO `photo_file` (`id`, `albums_id`, `file`, `created_at`) VALUES ('28', '1', 'sid', '1970-02-03 12:04:49');
INSERT INTO `photo_file` (`id`, `albums_id`, `file`, `created_at`) VALUES ('29', '2', 'mid', '1985-02-17 05:26:31');
INSERT INTO `photo_file` (`id`, `albums_id`, `file`, `created_at`) VALUES ('30', '2', 'wtb', '2014-08-09 15:13:19');
INSERT INTO `photo_file` (`id`, `albums_id`, `file`, `created_at`) VALUES ('31', '2', 'nml', '2001-05-09 21:37:26');
INSERT INTO `photo_file` (`id`, `albums_id`, `file`, `created_at`) VALUES ('32', '2', 'mxu', '1975-10-30 06:50:41');
INSERT INTO `photo_file` (`id`, `albums_id`, `file`, `created_at`) VALUES ('33', '2', 'cmx', '2006-11-02 15:48:46');
INSERT INTO `photo_file` (`id`, `albums_id`, `file`, `created_at`) VALUES ('34', '1', 'mpt', '1993-03-24 15:48:15');
INSERT INTO `photo_file` (`id`, `albums_id`, `file`, `created_at`) VALUES ('35', '1', 'ttl', '2014-07-15 20:39:40');
INSERT INTO `photo_file` (`id`, `albums_id`, `file`, `created_at`) VALUES ('36', '2', 'geo', '2005-03-25 06:45:49');
INSERT INTO `photo_file` (`id`, `albums_id`, `file`, `created_at`) VALUES ('37', '2', 'jsonml', '2016-03-19 09:02:40');
INSERT INTO `photo_file` (`id`, `albums_id`, `file`, `created_at`) VALUES ('38', '2', 'etx', '1979-05-26 01:03:59');
INSERT INTO `photo_file` (`id`, `albums_id`, `file`, `created_at`) VALUES ('39', '2', 'lnk', '1980-05-20 17:15:27');
INSERT INTO `photo_file` (`id`, `albums_id`, `file`, `created_at`) VALUES ('40', '2', '3ds', '1994-01-19 19:54:08');
INSERT INTO `photo_file` (`id`, `albums_id`, `file`, `created_at`) VALUES ('41', '2', 'f77', '2008-09-09 04:52:41');
INSERT INTO `photo_file` (`id`, `albums_id`, `file`, `created_at`) VALUES ('42', '1', 'jsonml', '1974-07-02 14:26:43');
INSERT INTO `photo_file` (`id`, `albums_id`, `file`, `created_at`) VALUES ('43', '1', 'gif', '1996-06-04 04:31:38');
INSERT INTO `photo_file` (`id`, `albums_id`, `file`, `created_at`) VALUES ('44', '2', 'sxg', '1982-09-08 21:48:43');
INSERT INTO `photo_file` (`id`, `albums_id`, `file`, `created_at`) VALUES ('45', '2', 'rlc', '1993-07-16 23:54:38');
INSERT INTO `photo_file` (`id`, `albums_id`, `file`, `created_at`) VALUES ('46', '1', 'vcx', '1985-04-01 21:37:10');
INSERT INTO `photo_file` (`id`, `albums_id`, `file`, `created_at`) VALUES ('47', '1', 'webp', '1970-01-30 09:30:34');
INSERT INTO `photo_file` (`id`, `albums_id`, `file`, `created_at`) VALUES ('48', '2', 'mp4', '2000-03-02 17:42:12');
INSERT INTO `photo_file` (`id`, `albums_id`, `file`, `created_at`) VALUES ('49', '1', 'pkipath', '1995-04-07 07:10:40');
INSERT INTO `photo_file` (`id`, `albums_id`, `file`, `created_at`) VALUES ('50', '2', 'stw', '2017-01-21 21:14:37');
INSERT INTO `photo_file` (`id`, `albums_id`, `file`, `created_at`) VALUES ('51', '2', 'skp', '2011-01-27 22:18:27');
INSERT INTO `photo_file` (`id`, `albums_id`, `file`, `created_at`) VALUES ('52', '2', 'ulx', '1977-06-07 06:45:43');
INSERT INTO `photo_file` (`id`, `albums_id`, `file`, `created_at`) VALUES ('53', '2', 'der', '1981-03-13 09:39:15');
INSERT INTO `photo_file` (`id`, `albums_id`, `file`, `created_at`) VALUES ('54', '2', 'wmf', '1993-08-14 05:45:01');
INSERT INTO `photo_file` (`id`, `albums_id`, `file`, `created_at`) VALUES ('55', '1', 'sbml', '2003-10-23 05:28:26');
INSERT INTO `photo_file` (`id`, `albums_id`, `file`, `created_at`) VALUES ('56', '1', 'xfdl', '1988-09-18 00:16:46');
INSERT INTO `photo_file` (`id`, `albums_id`, `file`, `created_at`) VALUES ('57', '2', 'xar', '2018-03-24 00:51:59');
INSERT INTO `photo_file` (`id`, `albums_id`, `file`, `created_at`) VALUES ('58', '1', 'uvvs', '2005-08-15 10:11:49');
INSERT INTO `photo_file` (`id`, `albums_id`, `file`, `created_at`) VALUES ('59', '2', 'uvvv', '2001-09-26 11:38:00');
INSERT INTO `photo_file` (`id`, `albums_id`, `file`, `created_at`) VALUES ('60', '1', 'pdf', '2013-05-08 22:21:25');
INSERT INTO `photo_file` (`id`, `albums_id`, `file`, `created_at`) VALUES ('61', '1', 'wmz', '1973-05-02 12:16:39');
INSERT INTO `photo_file` (`id`, `albums_id`, `file`, `created_at`) VALUES ('62', '1', 'cod', '1990-02-04 20:41:56');
INSERT INTO `photo_file` (`id`, `albums_id`, `file`, `created_at`) VALUES ('63', '1', 'mng', '2018-03-21 18:19:25');
INSERT INTO `photo_file` (`id`, `albums_id`, `file`, `created_at`) VALUES ('64', '2', 'pcx', '2019-05-27 16:26:55');
INSERT INTO `photo_file` (`id`, `albums_id`, `file`, `created_at`) VALUES ('65', '2', 'xwd', '2013-01-27 19:00:50');
INSERT INTO `photo_file` (`id`, `albums_id`, `file`, `created_at`) VALUES ('66', '1', 'gph', '1997-11-08 09:28:29');
INSERT INTO `photo_file` (`id`, `albums_id`, `file`, `created_at`) VALUES ('67', '2', 'png', '1973-10-06 21:43:07');
INSERT INTO `photo_file` (`id`, `albums_id`, `file`, `created_at`) VALUES ('68', '2', 'xsm', '1989-02-10 15:03:00');
INSERT INTO `photo_file` (`id`, `albums_id`, `file`, `created_at`) VALUES ('69', '1', 'iges', '1989-03-19 12:58:43');
INSERT INTO `photo_file` (`id`, `albums_id`, `file`, `created_at`) VALUES ('70', '1', 'ktx', '1976-10-19 09:08:11');
INSERT INTO `photo_file` (`id`, `albums_id`, `file`, `created_at`) VALUES ('71', '2', 'tra', '2001-07-06 12:40:43');
INSERT INTO `photo_file` (`id`, `albums_id`, `file`, `created_at`) VALUES ('72', '2', 'shar', '1990-01-30 07:32:55');
INSERT INTO `photo_file` (`id`, `albums_id`, `file`, `created_at`) VALUES ('73', '2', 'igl', '2002-09-07 11:11:57');
INSERT INTO `photo_file` (`id`, `albums_id`, `file`, `created_at`) VALUES ('74', '1', 'igl', '2009-06-23 07:04:55');
INSERT INTO `photo_file` (`id`, `albums_id`, `file`, `created_at`) VALUES ('75', '2', 'dgc', '2009-11-26 08:43:58');
INSERT INTO `photo_file` (`id`, `albums_id`, `file`, `created_at`) VALUES ('76', '2', 'mathml', '1982-08-25 22:20:30');
INSERT INTO `photo_file` (`id`, `albums_id`, `file`, `created_at`) VALUES ('77', '2', 'xslt', '2008-02-19 19:59:14');
INSERT INTO `photo_file` (`id`, `albums_id`, `file`, `created_at`) VALUES ('78', '1', 'xsm', '2017-01-23 20:13:18');
INSERT INTO `photo_file` (`id`, `albums_id`, `file`, `created_at`) VALUES ('79', '2', 'otc', '2007-10-23 00:21:49');
INSERT INTO `photo_file` (`id`, `albums_id`, `file`, `created_at`) VALUES ('80', '2', 'json', '1985-02-18 11:20:26');
INSERT INTO `photo_file` (`id`, `albums_id`, `file`, `created_at`) VALUES ('81', '2', 'sxd', '1994-11-15 01:50:56');
INSERT INTO `photo_file` (`id`, `albums_id`, `file`, `created_at`) VALUES ('82', '1', 'nfo', '2005-07-30 21:16:31');
INSERT INTO `photo_file` (`id`, `albums_id`, `file`, `created_at`) VALUES ('83', '1', 'emma', '1979-01-14 18:22:40');
INSERT INTO `photo_file` (`id`, `albums_id`, `file`, `created_at`) VALUES ('84', '1', 'aac', '1976-03-06 06:13:09');
INSERT INTO `photo_file` (`id`, `albums_id`, `file`, `created_at`) VALUES ('85', '1', 'vis', '1996-11-30 01:58:45');
INSERT INTO `photo_file` (`id`, `albums_id`, `file`, `created_at`) VALUES ('86', '2', 'tra', '2012-10-25 12:51:13');
INSERT INTO `photo_file` (`id`, `albums_id`, `file`, `created_at`) VALUES ('87', '2', 'scm', '1980-09-01 04:46:08');
INSERT INTO `photo_file` (`id`, `albums_id`, `file`, `created_at`) VALUES ('88', '1', 'uu', '2010-02-14 06:27:30');
INSERT INTO `photo_file` (`id`, `albums_id`, `file`, `created_at`) VALUES ('89', '1', 'xfdf', '2001-04-02 14:06:00');
INSERT INTO `photo_file` (`id`, `albums_id`, `file`, `created_at`) VALUES ('90', '1', 'ppsx', '2016-12-31 12:34:29');
INSERT INTO `photo_file` (`id`, `albums_id`, `file`, `created_at`) VALUES ('91', '1', 'icm', '2000-07-09 13:44:19');
INSERT INTO `photo_file` (`id`, `albums_id`, `file`, `created_at`) VALUES ('92', '2', 'xltx', '2005-01-23 18:55:12');
INSERT INTO `photo_file` (`id`, `albums_id`, `file`, `created_at`) VALUES ('93', '1', 'java', '1999-05-24 15:52:56');
INSERT INTO `photo_file` (`id`, `albums_id`, `file`, `created_at`) VALUES ('94', '2', 'oth', '1992-08-24 02:43:50');
INSERT INTO `photo_file` (`id`, `albums_id`, `file`, `created_at`) VALUES ('95', '2', 'sm', '1976-06-30 09:21:51');
INSERT INTO `photo_file` (`id`, `albums_id`, `file`, `created_at`) VALUES ('96', '1', 'dot', '1970-02-01 04:10:40');
INSERT INTO `photo_file` (`id`, `albums_id`, `file`, `created_at`) VALUES ('97', '2', 'dae', '2013-12-02 11:19:03');
INSERT INTO `photo_file` (`id`, `albums_id`, `file`, `created_at`) VALUES ('98', '2', 'tao', '2003-05-25 16:01:20');
INSERT INTO `photo_file` (`id`, `albums_id`, `file`, `created_at`) VALUES ('99', '2', 'gca', '2012-01-03 17:15:40');
INSERT INTO `photo_file` (`id`, `albums_id`, `file`, `created_at`) VALUES ('100', '1', 'p', '2005-04-27 03:30:38');

INSERT INTO video_albums (name)
VALUES ('downloads'),('knowledge_base');

INSERT INTO `video_file` (`id`, `albums_id`, `file`, `created_at`) VALUES ('1', '2', '1cf7:894e:9c43:3442:d406:9928:ff1a:4eb0', '2020-06-01 08:42:37');
INSERT INTO `video_file` (`id`, `albums_id`, `file`, `created_at`) VALUES ('2', '2', 'f8f7:d957:4c54:eb36:ba92:9665:a0e9:437a', '2019-12-24 11:27:05');
INSERT INTO `video_file` (`id`, `albums_id`, `file`, `created_at`) VALUES ('3', '1', '3995:fd3d:f3d9:f0e1:4e6a:88ba:3ca1:1bd5', '2019-08-03 00:00:50');
INSERT INTO `video_file` (`id`, `albums_id`, `file`, `created_at`) VALUES ('4', '1', '95e4:f877:b7e:22ea:dcab:e44:b494:1f1b', '2020-06-14 01:23:29');
INSERT INTO `video_file` (`id`, `albums_id`, `file`, `created_at`) VALUES ('5', '1', 'efc:ddae:a6ef:9d8f:d066:5d36:7ab9:5a2', '2019-08-03 12:13:13');
INSERT INTO `video_file` (`id`, `albums_id`, `file`, `created_at`) VALUES ('6', '1', '2679:c084:ea6f:8dc0:1b19:612:b57a:f5e6', '2019-10-02 05:57:58');
INSERT INTO `video_file` (`id`, `albums_id`, `file`, `created_at`) VALUES ('7', '2', 'f132:72de:6709:3329:69a:775f:787b:e60b', '2020-04-18 09:00:24');
INSERT INTO `video_file` (`id`, `albums_id`, `file`, `created_at`) VALUES ('8', '2', 'df0a:391c:9f9b:217:175e:647e:6caa:ae71', '2020-05-12 20:05:56');
INSERT INTO `video_file` (`id`, `albums_id`, `file`, `created_at`) VALUES ('9', '2', 'ae67:6671:2aa5:aea5:7143:702a:c4d4:52e8', '2020-07-09 04:19:49');
INSERT INTO `video_file` (`id`, `albums_id`, `file`, `created_at`) VALUES ('10', '2', '90e0:cd4e:b848:2230:6c3a:efa6:3439:429f', '2019-12-01 16:03:52');
INSERT INTO `video_file` (`id`, `albums_id`, `file`, `created_at`) VALUES ('11', '2', 'b710:1d61:10a7:69d1:c9d6:f7d9:6b30:5264', '2019-09-23 14:22:23');
INSERT INTO `video_file` (`id`, `albums_id`, `file`, `created_at`) VALUES ('12', '2', '3a54:7773:fd8f:d4b8:dbdf:349a:584e:2412', '2019-08-27 02:56:59');
INSERT INTO `video_file` (`id`, `albums_id`, `file`, `created_at`) VALUES ('13', '1', '400b:dd52:68ce:6e61:3567:7a80:23a5:94bd', '2020-05-24 15:09:19');
INSERT INTO `video_file` (`id`, `albums_id`, `file`, `created_at`) VALUES ('14', '2', '660b:e4a3:ebe8:a98e:1ca6:e660:66cb:7efd', '2019-12-04 01:27:19');
INSERT INTO `video_file` (`id`, `albums_id`, `file`, `created_at`) VALUES ('15', '1', '532c:e483:84b:2dda:8e5d:2646:9671:acdd', '2019-09-14 05:51:09');
INSERT INTO `video_file` (`id`, `albums_id`, `file`, `created_at`) VALUES ('16', '2', '8e75:c873:ce81:803c:a7f3:de66:f6cf:c8b1', '2019-11-29 21:05:26');
INSERT INTO `video_file` (`id`, `albums_id`, `file`, `created_at`) VALUES ('17', '2', 'b739:f1c7:a0dc:4c3d:30bd:47c:4789:32bf', '2019-08-15 15:05:41');
INSERT INTO `video_file` (`id`, `albums_id`, `file`, `created_at`) VALUES ('18', '1', 'f891:6ea5:4be5:46e7:9950:671f:53b8:78e1', '2020-04-23 01:02:32');
INSERT INTO `video_file` (`id`, `albums_id`, `file`, `created_at`) VALUES ('19', '1', 'fec3:dd0f:e729:2ce6:11da:768b:21d1:d7bf', '2020-04-30 21:19:23');
INSERT INTO `video_file` (`id`, `albums_id`, `file`, `created_at`) VALUES ('20', '1', 'fef6:63:be70:37a3:277b:adf0:2999:f056', '2019-07-25 18:25:05');

INSERT INTO `media_user` (`user_id`, `photo_albums_id`, `video_albums_id`, `created_at`) VALUES ('1', '2', '1', '2020-05-29 00:25:48');
INSERT INTO `media_user` (`user_id`, `photo_albums_id`, `video_albums_id`, `created_at`) VALUES ('2', '2', '2', '2019-10-28 22:10:28');
INSERT INTO `media_user` (`user_id`, `photo_albums_id`, `video_albums_id`, `created_at`) VALUES ('3', '1', '2', '2019-10-16 16:52:51');
INSERT INTO `media_user` (`user_id`, `photo_albums_id`, `video_albums_id`, `created_at`) VALUES ('4', '1', '1', '2020-04-07 14:50:53');
INSERT INTO `media_user` (`user_id`, `photo_albums_id`, `video_albums_id`, `created_at`) VALUES ('5', '1', '2', '2020-01-28 21:43:30');
INSERT INTO `media_user` (`user_id`, `photo_albums_id`, `video_albums_id`, `created_at`) VALUES ('6', '1', '1', '2019-10-08 14:48:00');
INSERT INTO `media_user` (`user_id`, `photo_albums_id`, `video_albums_id`, `created_at`) VALUES ('7', '2', '2', '2019-09-29 16:20:31');
INSERT INTO `media_user` (`user_id`, `photo_albums_id`, `video_albums_id`, `created_at`) VALUES ('8', '2', '1', '2019-12-31 12:43:43');
INSERT INTO `media_user` (`user_id`, `photo_albums_id`, `video_albums_id`, `created_at`) VALUES ('9', '1', '2', '2020-05-10 17:32:16');
INSERT INTO `media_user` (`user_id`, `photo_albums_id`, `video_albums_id`, `created_at`) VALUES ('10', '2', '1', '2019-07-17 16:24:42');
INSERT INTO `media_user` (`user_id`, `photo_albums_id`, `video_albums_id`, `created_at`) VALUES ('11', '2', '2', '2020-03-18 16:12:42');
INSERT INTO `media_user` (`user_id`, `photo_albums_id`, `video_albums_id`, `created_at`) VALUES ('12', '1', '2', '2019-08-03 13:22:22');
INSERT INTO `media_user` (`user_id`, `photo_albums_id`, `video_albums_id`, `created_at`) VALUES ('13', '1', '1', '2019-08-02 16:25:06');
INSERT INTO `media_user` (`user_id`, `photo_albums_id`, `video_albums_id`, `created_at`) VALUES ('14', '1', '1', '2019-10-18 17:55:07');
INSERT INTO `media_user` (`user_id`, `photo_albums_id`, `video_albums_id`, `created_at`) VALUES ('15', '2', '2', '2020-05-23 04:54:09');
INSERT INTO `media_user` (`user_id`, `photo_albums_id`, `video_albums_id`, `created_at`) VALUES ('16', '2', '1', '2020-01-12 06:48:20');
INSERT INTO `media_user` (`user_id`, `photo_albums_id`, `video_albums_id`, `created_at`) VALUES ('17', '2', '2', '2020-04-09 15:35:54');
INSERT INTO `media_user` (`user_id`, `photo_albums_id`, `video_albums_id`, `created_at`) VALUES ('18', '1', '1', '2019-07-30 00:52:33');
INSERT INTO `media_user` (`user_id`, `photo_albums_id`, `video_albums_id`, `created_at`) VALUES ('19', '1', '1', '2020-01-08 15:03:53');
INSERT INTO `media_user` (`user_id`, `photo_albums_id`, `video_albums_id`, `created_at`) VALUES ('20', '1', '2', '2020-03-22 15:58:12');
INSERT INTO `media_user` (`user_id`, `photo_albums_id`, `video_albums_id`, `created_at`) VALUES ('21', '1', '1', '2020-01-11 16:37:52');
INSERT INTO `media_user` (`user_id`, `photo_albums_id`, `video_albums_id`, `created_at`) VALUES ('22', '2', '2', '2020-04-24 16:06:29');
INSERT INTO `media_user` (`user_id`, `photo_albums_id`, `video_albums_id`, `created_at`) VALUES ('23', '2', '2', '2019-12-29 07:11:35');
INSERT INTO `media_user` (`user_id`, `photo_albums_id`, `video_albums_id`, `created_at`) VALUES ('24', '2', '2', '2019-12-22 01:59:57');
INSERT INTO `media_user` (`user_id`, `photo_albums_id`, `video_albums_id`, `created_at`) VALUES ('25', '1', '2', '2020-05-24 10:51:04');
INSERT INTO `media_user` (`user_id`, `photo_albums_id`, `video_albums_id`, `created_at`) VALUES ('26', '2', '1', '2019-10-28 17:23:25');
INSERT INTO `media_user` (`user_id`, `photo_albums_id`, `video_albums_id`, `created_at`) VALUES ('27', '2', '2', '2019-11-12 03:11:35');
INSERT INTO `media_user` (`user_id`, `photo_albums_id`, `video_albums_id`, `created_at`) VALUES ('28', '1', '1', '2020-07-02 03:13:28');
INSERT INTO `media_user` (`user_id`, `photo_albums_id`, `video_albums_id`, `created_at`) VALUES ('29', '1', '2', '2020-02-11 21:56:16');
INSERT INTO `media_user` (`user_id`, `photo_albums_id`, `video_albums_id`, `created_at`) VALUES ('30', '1', '1', '2019-10-23 16:51:44');
INSERT INTO `media_user` (`user_id`, `photo_albums_id`, `video_albums_id`, `created_at`) VALUES ('31', '1', '2', '2020-05-07 17:59:24');
INSERT INTO `media_user` (`user_id`, `photo_albums_id`, `video_albums_id`, `created_at`) VALUES ('32', '2', '1', '2020-06-03 18:20:33');
INSERT INTO `media_user` (`user_id`, `photo_albums_id`, `video_albums_id`, `created_at`) VALUES ('33', '1', '1', '2019-08-26 00:38:48');
INSERT INTO `media_user` (`user_id`, `photo_albums_id`, `video_albums_id`, `created_at`) VALUES ('34', '1', '1', '2020-05-14 08:19:12');
INSERT INTO `media_user` (`user_id`, `photo_albums_id`, `video_albums_id`, `created_at`) VALUES ('35', '2', '2', '2019-10-09 00:30:11');
INSERT INTO `media_user` (`user_id`, `photo_albums_id`, `video_albums_id`, `created_at`) VALUES ('36', '1', '2', '2019-10-21 03:03:40');
INSERT INTO `media_user` (`user_id`, `photo_albums_id`, `video_albums_id`, `created_at`) VALUES ('37', '1', '2', '2019-10-20 09:12:07');
INSERT INTO `media_user` (`user_id`, `photo_albums_id`, `video_albums_id`, `created_at`) VALUES ('38', '1', '2', '2019-08-20 09:26:08');
INSERT INTO `media_user` (`user_id`, `photo_albums_id`, `video_albums_id`, `created_at`) VALUES ('39', '2', '2', '2019-12-30 20:23:49');
INSERT INTO `media_user` (`user_id`, `photo_albums_id`, `video_albums_id`, `created_at`) VALUES ('40', '1', '2', '2019-08-31 17:09:32');
INSERT INTO `media_user` (`user_id`, `photo_albums_id`, `video_albums_id`, `created_at`) VALUES ('41', '2', '1', '2019-11-26 08:00:22');
INSERT INTO `media_user` (`user_id`, `photo_albums_id`, `video_albums_id`, `created_at`) VALUES ('42', '2', '1', '2019-11-13 19:19:01');
INSERT INTO `media_user` (`user_id`, `photo_albums_id`, `video_albums_id`, `created_at`) VALUES ('43', '1', '1', '2020-03-25 00:00:11');
INSERT INTO `media_user` (`user_id`, `photo_albums_id`, `video_albums_id`, `created_at`) VALUES ('44', '2', '2', '2020-04-08 11:05:01');
INSERT INTO `media_user` (`user_id`, `photo_albums_id`, `video_albums_id`, `created_at`) VALUES ('45', '2', '2', '2020-04-05 23:14:33');
INSERT INTO `media_user` (`user_id`, `photo_albums_id`, `video_albums_id`, `created_at`) VALUES ('46', '2', '1', '2020-04-01 00:25:26');
INSERT INTO `media_user` (`user_id`, `photo_albums_id`, `video_albums_id`, `created_at`) VALUES ('47', '1', '2', '2019-07-20 16:06:27');
INSERT INTO `media_user` (`user_id`, `photo_albums_id`, `video_albums_id`, `created_at`) VALUES ('48', '2', '2', '2019-11-22 20:42:02');
INSERT INTO `media_user` (`user_id`, `photo_albums_id`, `video_albums_id`, `created_at`) VALUES ('49', '1', '1', '2019-12-26 08:21:38');
INSERT INTO `media_user` (`user_id`, `photo_albums_id`, `video_albums_id`, `created_at`) VALUES ('50', '2', '2', '2019-08-09 19:58:06');
INSERT INTO `media_user` (`user_id`, `photo_albums_id`, `video_albums_id`, `created_at`) VALUES ('51', '1', '2', '2019-11-13 06:19:59');
INSERT INTO `media_user` (`user_id`, `photo_albums_id`, `video_albums_id`, `created_at`) VALUES ('52', '2', '2', '2019-11-18 21:38:40');
INSERT INTO `media_user` (`user_id`, `photo_albums_id`, `video_albums_id`, `created_at`) VALUES ('53', '2', '1', '2020-05-17 22:25:15');
INSERT INTO `media_user` (`user_id`, `photo_albums_id`, `video_albums_id`, `created_at`) VALUES ('54', '2', '1', '2019-09-13 09:50:07');
INSERT INTO `media_user` (`user_id`, `photo_albums_id`, `video_albums_id`, `created_at`) VALUES ('55', '1', '2', '2019-10-02 20:41:45');
INSERT INTO `media_user` (`user_id`, `photo_albums_id`, `video_albums_id`, `created_at`) VALUES ('56', '1', '2', '2020-02-22 18:16:26');
INSERT INTO `media_user` (`user_id`, `photo_albums_id`, `video_albums_id`, `created_at`) VALUES ('57', '1', '1', '2020-03-27 19:11:43');
INSERT INTO `media_user` (`user_id`, `photo_albums_id`, `video_albums_id`, `created_at`) VALUES ('58', '2', '1', '2019-12-14 22:24:47');
INSERT INTO `media_user` (`user_id`, `photo_albums_id`, `video_albums_id`, `created_at`) VALUES ('59', '1', '2', '2019-11-11 07:49:46');
INSERT INTO `media_user` (`user_id`, `photo_albums_id`, `video_albums_id`, `created_at`) VALUES ('60', '2', '2', '2019-12-16 20:27:19');
INSERT INTO `media_user` (`user_id`, `photo_albums_id`, `video_albums_id`, `created_at`) VALUES ('61', '2', '1', '2019-11-18 07:51:57');
INSERT INTO `media_user` (`user_id`, `photo_albums_id`, `video_albums_id`, `created_at`) VALUES ('62', '2', '2', '2020-06-27 08:33:13');
INSERT INTO `media_user` (`user_id`, `photo_albums_id`, `video_albums_id`, `created_at`) VALUES ('63', '2', '2', '2020-01-09 00:58:31');
INSERT INTO `media_user` (`user_id`, `photo_albums_id`, `video_albums_id`, `created_at`) VALUES ('64', '2', '1', '2019-11-15 01:10:17');
INSERT INTO `media_user` (`user_id`, `photo_albums_id`, `video_albums_id`, `created_at`) VALUES ('65', '1', '2', '2019-11-23 10:17:21');
INSERT INTO `media_user` (`user_id`, `photo_albums_id`, `video_albums_id`, `created_at`) VALUES ('66', '2', '2', '2020-07-14 07:14:31');
INSERT INTO `media_user` (`user_id`, `photo_albums_id`, `video_albums_id`, `created_at`) VALUES ('67', '1', '2', '2019-08-02 13:17:47');
INSERT INTO `media_user` (`user_id`, `photo_albums_id`, `video_albums_id`, `created_at`) VALUES ('68', '2', '2', '2020-01-04 04:16:07');
INSERT INTO `media_user` (`user_id`, `photo_albums_id`, `video_albums_id`, `created_at`) VALUES ('69', '2', '2', '2020-02-15 18:37:22');
INSERT INTO `media_user` (`user_id`, `photo_albums_id`, `video_albums_id`, `created_at`) VALUES ('70', '2', '2', '2019-08-12 01:10:57');
INSERT INTO `media_user` (`user_id`, `photo_albums_id`, `video_albums_id`, `created_at`) VALUES ('71', '2', '2', '2020-03-06 11:27:50');
INSERT INTO `media_user` (`user_id`, `photo_albums_id`, `video_albums_id`, `created_at`) VALUES ('72', '1', '2', '2020-04-14 20:27:28');
INSERT INTO `media_user` (`user_id`, `photo_albums_id`, `video_albums_id`, `created_at`) VALUES ('73', '1', '1', '2019-11-19 15:09:10');
INSERT INTO `media_user` (`user_id`, `photo_albums_id`, `video_albums_id`, `created_at`) VALUES ('74', '1', '2', '2020-02-11 10:40:05');
INSERT INTO `media_user` (`user_id`, `photo_albums_id`, `video_albums_id`, `created_at`) VALUES ('75', '1', '2', '2020-03-05 10:29:50');
INSERT INTO `media_user` (`user_id`, `photo_albums_id`, `video_albums_id`, `created_at`) VALUES ('76', '2', '2', '2020-04-16 01:55:08');
INSERT INTO `media_user` (`user_id`, `photo_albums_id`, `video_albums_id`, `created_at`) VALUES ('77', '2', '2', '2019-12-15 17:53:18');
INSERT INTO `media_user` (`user_id`, `photo_albums_id`, `video_albums_id`, `created_at`) VALUES ('78', '2', '2', '2019-09-26 10:40:55');
INSERT INTO `media_user` (`user_id`, `photo_albums_id`, `video_albums_id`, `created_at`) VALUES ('79', '2', '2', '2020-04-30 00:41:34');
INSERT INTO `media_user` (`user_id`, `photo_albums_id`, `video_albums_id`, `created_at`) VALUES ('80', '2', '1', '2019-10-02 03:56:01');
INSERT INTO `media_user` (`user_id`, `photo_albums_id`, `video_albums_id`, `created_at`) VALUES ('81', '2', '1', '2020-04-13 10:51:22');
INSERT INTO `media_user` (`user_id`, `photo_albums_id`, `video_albums_id`, `created_at`) VALUES ('82', '1', '2', '2020-02-12 08:13:17');
INSERT INTO `media_user` (`user_id`, `photo_albums_id`, `video_albums_id`, `created_at`) VALUES ('83', '2', '2', '2020-05-07 20:15:26');
INSERT INTO `media_user` (`user_id`, `photo_albums_id`, `video_albums_id`, `created_at`) VALUES ('84', '2', '2', '2019-11-13 06:41:49');
INSERT INTO `media_user` (`user_id`, `photo_albums_id`, `video_albums_id`, `created_at`) VALUES ('85', '2', '1', '2020-02-06 08:04:58');
INSERT INTO `media_user` (`user_id`, `photo_albums_id`, `video_albums_id`, `created_at`) VALUES ('86', '1', '2', '2019-12-25 15:33:13');
INSERT INTO `media_user` (`user_id`, `photo_albums_id`, `video_albums_id`, `created_at`) VALUES ('87', '1', '2', '2019-08-20 22:23:31');
INSERT INTO `media_user` (`user_id`, `photo_albums_id`, `video_albums_id`, `created_at`) VALUES ('88', '2', '1', '2019-08-29 16:29:41');
INSERT INTO `media_user` (`user_id`, `photo_albums_id`, `video_albums_id`, `created_at`) VALUES ('89', '2', '1', '2019-11-24 22:30:00');
INSERT INTO `media_user` (`user_id`, `photo_albums_id`, `video_albums_id`, `created_at`) VALUES ('90', '1', '1', '2019-10-30 18:40:37');
INSERT INTO `media_user` (`user_id`, `photo_albums_id`, `video_albums_id`, `created_at`) VALUES ('91', '1', '2', '2019-11-28 16:25:55');
INSERT INTO `media_user` (`user_id`, `photo_albums_id`, `video_albums_id`, `created_at`) VALUES ('92', '2', '1', '2020-05-22 11:04:17');
INSERT INTO `media_user` (`user_id`, `photo_albums_id`, `video_albums_id`, `created_at`) VALUES ('93', '1', '1', '2019-12-28 13:55:55');
INSERT INTO `media_user` (`user_id`, `photo_albums_id`, `video_albums_id`, `created_at`) VALUES ('94', '2', '2', '2019-12-26 11:31:38');
INSERT INTO `media_user` (`user_id`, `photo_albums_id`, `video_albums_id`, `created_at`) VALUES ('95', '1', '1', '2020-06-07 21:32:10');
INSERT INTO `media_user` (`user_id`, `photo_albums_id`, `video_albums_id`, `created_at`) VALUES ('96', '1', '2', '2020-05-05 15:53:34');
INSERT INTO `media_user` (`user_id`, `photo_albums_id`, `video_albums_id`, `created_at`) VALUES ('97', '2', '2', '2020-04-07 19:47:35');
INSERT INTO `media_user` (`user_id`, `photo_albums_id`, `video_albums_id`, `created_at`) VALUES ('98', '1', '1', '2020-04-22 18:54:08');
INSERT INTO `media_user` (`user_id`, `photo_albums_id`, `video_albums_id`, `created_at`) VALUES ('99', '1', '2', '2020-03-13 21:56:03');
INSERT INTO `media_user` (`user_id`, `photo_albums_id`, `video_albums_id`, `created_at`) VALUES ('100', '2', '1', '2019-11-08 23:51:59');

-- profiles
INSERT INTO all_rangs (name)
VALUES ('young farmer'),('middle farmer'),('senior farmer'),('top farmer');

INSERT INTO `profile` (`profile_id`, `photo__profile_id`, `rang_user`, `gender`, `birthday`, `home_city`, `created_at`) VALUES ('1', '33', '2', 'f', '2003-01-18', 'Opalmouth', '1990-01-09 00:00:00');
INSERT INTO `profile` (`profile_id`, `photo__profile_id`, `rang_user`, `gender`, `birthday`, `home_city`, `created_at`) VALUES ('2', '34', '1', 'm', '1981-12-21', 'Port Lawrence', '1994-11-09 00:00:00');
INSERT INTO `profile` (`profile_id`, `photo__profile_id`, `rang_user`, `gender`, `birthday`, `home_city`, `created_at`) VALUES ('3', '2', '4', 'm', '2011-01-01', 'West Chetport', '2015-10-14 00:00:00');
INSERT INTO `profile` (`profile_id`, `photo__profile_id`, `rang_user`, `gender`, `birthday`, `home_city`, `created_at`) VALUES ('4', '43', '2', 'm', '2019-08-15', 'Lake Berenice', '2001-03-30 00:00:00');
INSERT INTO `profile` (`profile_id`, `photo__profile_id`, `rang_user`, `gender`, `birthday`, `home_city`, `created_at`) VALUES ('5', '90', '3', 'm', '1980-03-18', 'Pollichbury', '1983-04-27 00:00:00');
INSERT INTO `profile` (`profile_id`, `photo__profile_id`, `rang_user`, `gender`, `birthday`, `home_city`, `created_at`) VALUES ('6', '37', '1', 'f', '1997-03-28', 'North Estel', '1976-11-21 00:00:00');
INSERT INTO `profile` (`profile_id`, `photo__profile_id`, `rang_user`, `gender`, `birthday`, `home_city`, `created_at`) VALUES ('7', '52', '1', 'f', '2013-03-23', 'West Sylvester', '1993-10-05 00:00:00');
INSERT INTO `profile` (`profile_id`, `photo__profile_id`, `rang_user`, `gender`, `birthday`, `home_city`, `created_at`) VALUES ('8', '43', '1', 'f', '2008-09-21', 'Barrowschester', '1992-01-21 00:00:00');
INSERT INTO `profile` (`profile_id`, `photo__profile_id`, `rang_user`, `gender`, `birthday`, `home_city`, `created_at`) VALUES ('9', '42', '4', 'm', '2009-04-12', 'Rueckerberg', '1976-07-17 00:00:00');
INSERT INTO `profile` (`profile_id`, `photo__profile_id`, `rang_user`, `gender`, `birthday`, `home_city`, `created_at`) VALUES ('10', '54', '3', 'f', '1973-10-10', 'Port Myrl', '2017-01-18 00:00:00');
INSERT INTO `profile` (`profile_id`, `photo__profile_id`, `rang_user`, `gender`, `birthday`, `home_city`, `created_at`) VALUES ('11', '33', '3', 'm', '1983-12-20', 'Lake Lilianefort', '2013-08-24 00:00:00');
INSERT INTO `profile` (`profile_id`, `photo__profile_id`, `rang_user`, `gender`, `birthday`, `home_city`, `created_at`) VALUES ('12', '77', '2', 'f', '2004-04-21', 'West Javonte', '2007-04-23 00:00:00');
INSERT INTO `profile` (`profile_id`, `photo__profile_id`, `rang_user`, `gender`, `birthday`, `home_city`, `created_at`) VALUES ('13', '60', '3', 'f', '1982-05-07', 'Terrellfort', '1985-08-20 00:00:00');
INSERT INTO `profile` (`profile_id`, `photo__profile_id`, `rang_user`, `gender`, `birthday`, `home_city`, `created_at`) VALUES ('14', '3', '4', 'f', '1984-12-18', 'Tomasport', '1997-07-06 00:00:00');
INSERT INTO `profile` (`profile_id`, `photo__profile_id`, `rang_user`, `gender`, `birthday`, `home_city`, `created_at`) VALUES ('15', '47', '1', 'f', '2012-11-30', 'Monserratchester', '2001-03-02 00:00:00');
INSERT INTO `profile` (`profile_id`, `photo__profile_id`, `rang_user`, `gender`, `birthday`, `home_city`, `created_at`) VALUES ('16', '79', '2', 'f', '1999-12-02', 'Port Weldon', '2016-02-15 00:00:00');
INSERT INTO `profile` (`profile_id`, `photo__profile_id`, `rang_user`, `gender`, `birthday`, `home_city`, `created_at`) VALUES ('17', '6', '3', 'f', '1983-09-15', 'Schummville', '1975-05-07 00:00:00');
INSERT INTO `profile` (`profile_id`, `photo__profile_id`, `rang_user`, `gender`, `birthday`, `home_city`, `created_at`) VALUES ('18', '50', '2', 'f', '1976-12-06', 'South Ceciliaton', '1971-11-19 00:00:00');
INSERT INTO `profile` (`profile_id`, `photo__profile_id`, `rang_user`, `gender`, `birthday`, `home_city`, `created_at`) VALUES ('19', '74', '1', 'f', '1996-10-06', 'North Mckenna', '2010-08-14 00:00:00');
INSERT INTO `profile` (`profile_id`, `photo__profile_id`, `rang_user`, `gender`, `birthday`, `home_city`, `created_at`) VALUES ('20', '45', '1', 'm', '1977-12-13', 'Lake Angeline', '2001-12-04 00:00:00');
INSERT INTO `profile` (`profile_id`, `photo__profile_id`, `rang_user`, `gender`, `birthday`, `home_city`, `created_at`) VALUES ('21', '94', '2', 'm', '2017-08-31', 'Tillmanbury', '1988-07-26 00:00:00');
INSERT INTO `profile` (`profile_id`, `photo__profile_id`, `rang_user`, `gender`, `birthday`, `home_city`, `created_at`) VALUES ('22', '38', '1', 'f', '1973-02-03', 'Kadenhaven', '1978-05-02 00:00:00');
INSERT INTO `profile` (`profile_id`, `photo__profile_id`, `rang_user`, `gender`, `birthday`, `home_city`, `created_at`) VALUES ('23', '17', '1', 'm', '2002-07-01', 'New Corneliusshire', '1975-05-25 00:00:00');
INSERT INTO `profile` (`profile_id`, `photo__profile_id`, `rang_user`, `gender`, `birthday`, `home_city`, `created_at`) VALUES ('24', '76', '1', 'm', '1973-08-04', 'Emiliaville', '2017-10-04 00:00:00');
INSERT INTO `profile` (`profile_id`, `photo__profile_id`, `rang_user`, `gender`, `birthday`, `home_city`, `created_at`) VALUES ('25', '61', '2', 'm', '1995-04-26', 'New Fidel', '1985-01-25 00:00:00');
INSERT INTO `profile` (`profile_id`, `photo__profile_id`, `rang_user`, `gender`, `birthday`, `home_city`, `created_at`) VALUES ('26', '28', '4', 'f', '1994-03-13', 'Port Adolphside', '1972-07-22 00:00:00');
INSERT INTO `profile` (`profile_id`, `photo__profile_id`, `rang_user`, `gender`, `birthday`, `home_city`, `created_at`) VALUES ('27', '31', '2', 'm', '1981-02-02', 'Carleetown', '2005-03-02 00:00:00');
INSERT INTO `profile` (`profile_id`, `photo__profile_id`, `rang_user`, `gender`, `birthday`, `home_city`, `created_at`) VALUES ('28', '82', '3', 'f', '1987-11-22', 'Murazikville', '1988-03-13 00:00:00');
INSERT INTO `profile` (`profile_id`, `photo__profile_id`, `rang_user`, `gender`, `birthday`, `home_city`, `created_at`) VALUES ('29', '17', '2', 'f', '1971-08-25', 'North Oscar', '1987-04-29 00:00:00');
INSERT INTO `profile` (`profile_id`, `photo__profile_id`, `rang_user`, `gender`, `birthday`, `home_city`, `created_at`) VALUES ('30', '84', '2', 'm', '2019-01-06', 'Janastad', '1980-10-03 00:00:00');
INSERT INTO `profile` (`profile_id`, `photo__profile_id`, `rang_user`, `gender`, `birthday`, `home_city`, `created_at`) VALUES ('31', '89', '1', 'm', '2007-12-16', 'Noehaven', '2016-04-11 00:00:00');
INSERT INTO `profile` (`profile_id`, `photo__profile_id`, `rang_user`, `gender`, `birthday`, `home_city`, `created_at`) VALUES ('32', '24', '3', 'm', '1997-08-02', 'Williamsonburgh', '2001-09-12 00:00:00');
INSERT INTO `profile` (`profile_id`, `photo__profile_id`, `rang_user`, `gender`, `birthday`, `home_city`, `created_at`) VALUES ('33', '50', '1', 'm', '2003-05-15', 'Schmitthaven', '1989-03-02 00:00:00');
INSERT INTO `profile` (`profile_id`, `photo__profile_id`, `rang_user`, `gender`, `birthday`, `home_city`, `created_at`) VALUES ('34', '8', '4', 'f', '1986-07-14', 'Obiefort', '2003-06-16 00:00:00');
INSERT INTO `profile` (`profile_id`, `photo__profile_id`, `rang_user`, `gender`, `birthday`, `home_city`, `created_at`) VALUES ('35', '94', '2', 'f', '2015-06-09', 'Lake Osborne', '2010-10-01 00:00:00');
INSERT INTO `profile` (`profile_id`, `photo__profile_id`, `rang_user`, `gender`, `birthday`, `home_city`, `created_at`) VALUES ('36', '72', '4', 'f', '2017-07-21', 'Veummouth', '2016-09-01 00:00:00');
INSERT INTO `profile` (`profile_id`, `photo__profile_id`, `rang_user`, `gender`, `birthday`, `home_city`, `created_at`) VALUES ('37', '24', '3', 'm', '1975-10-11', 'West Crystal', '2017-09-19 00:00:00');
INSERT INTO `profile` (`profile_id`, `photo__profile_id`, `rang_user`, `gender`, `birthday`, `home_city`, `created_at`) VALUES ('38', '74', '3', 'm', '2004-07-28', 'Titusview', '2001-07-07 00:00:00');
INSERT INTO `profile` (`profile_id`, `photo__profile_id`, `rang_user`, `gender`, `birthday`, `home_city`, `created_at`) VALUES ('39', '42', '2', 'f', '1994-02-23', 'Gerholdhaven', '1996-03-17 00:00:00');
INSERT INTO `profile` (`profile_id`, `photo__profile_id`, `rang_user`, `gender`, `birthday`, `home_city`, `created_at`) VALUES ('40', '41', '2', 'm', '1996-07-14', 'East Muhammadchester', '1984-12-11 00:00:00');
INSERT INTO `profile` (`profile_id`, `photo__profile_id`, `rang_user`, `gender`, `birthday`, `home_city`, `created_at`) VALUES ('41', '79', '3', 'f', '1996-06-27', 'East Bertram', '2016-08-17 00:00:00');
INSERT INTO `profile` (`profile_id`, `photo__profile_id`, `rang_user`, `gender`, `birthday`, `home_city`, `created_at`) VALUES ('42', '22', '2', 'f', '2013-09-25', 'Port Donnie', '2017-01-24 00:00:00');
INSERT INTO `profile` (`profile_id`, `photo__profile_id`, `rang_user`, `gender`, `birthday`, `home_city`, `created_at`) VALUES ('43', '91', '3', 'f', '1975-07-11', 'Graceborough', '1999-03-03 00:00:00');
INSERT INTO `profile` (`profile_id`, `photo__profile_id`, `rang_user`, `gender`, `birthday`, `home_city`, `created_at`) VALUES ('44', '44', '2', 'f', '2004-05-16', 'Reedburgh', '2003-01-05 00:00:00');
INSERT INTO `profile` (`profile_id`, `photo__profile_id`, `rang_user`, `gender`, `birthday`, `home_city`, `created_at`) VALUES ('45', '42', '1', 'f', '2000-12-12', 'Heathcoteshire', '1994-01-18 00:00:00');
INSERT INTO `profile` (`profile_id`, `photo__profile_id`, `rang_user`, `gender`, `birthday`, `home_city`, `created_at`) VALUES ('46', '37', '1', 'm', '1973-01-15', 'Faheyview', '2005-12-21 00:00:00');
INSERT INTO `profile` (`profile_id`, `photo__profile_id`, `rang_user`, `gender`, `birthday`, `home_city`, `created_at`) VALUES ('47', '97', '4', 'm', '1994-06-10', 'North Isadoreberg', '1982-11-18 00:00:00');
INSERT INTO `profile` (`profile_id`, `photo__profile_id`, `rang_user`, `gender`, `birthday`, `home_city`, `created_at`) VALUES ('48', '54', '4', 'm', '1989-12-17', 'New Okey', '1988-01-11 00:00:00');
INSERT INTO `profile` (`profile_id`, `photo__profile_id`, `rang_user`, `gender`, `birthday`, `home_city`, `created_at`) VALUES ('49', '57', '3', 'f', '1977-04-12', 'North Joesph', '1989-11-11 00:00:00');
INSERT INTO `profile` (`profile_id`, `photo__profile_id`, `rang_user`, `gender`, `birthday`, `home_city`, `created_at`) VALUES ('50', '24', '4', 'f', '2012-01-07', 'Letitiamouth', '1978-05-30 00:00:00');
INSERT INTO `profile` (`profile_id`, `photo__profile_id`, `rang_user`, `gender`, `birthday`, `home_city`, `created_at`) VALUES ('51', '1', '3', 'm', '2013-11-28', 'West Elliottshire', '2019-11-10 00:00:00');
INSERT INTO `profile` (`profile_id`, `photo__profile_id`, `rang_user`, `gender`, `birthday`, `home_city`, `created_at`) VALUES ('52', '62', '1', 'f', '1982-01-13', 'Meaganstad', '1981-08-06 00:00:00');
INSERT INTO `profile` (`profile_id`, `photo__profile_id`, `rang_user`, `gender`, `birthday`, `home_city`, `created_at`) VALUES ('53', '81', '1', 'm', '1980-03-15', 'New Madilynport', '1984-01-18 00:00:00');
INSERT INTO `profile` (`profile_id`, `photo__profile_id`, `rang_user`, `gender`, `birthday`, `home_city`, `created_at`) VALUES ('54', '9', '1', 'f', '1984-01-30', 'Port Helenetown', '1987-04-05 00:00:00');
INSERT INTO `profile` (`profile_id`, `photo__profile_id`, `rang_user`, `gender`, `birthday`, `home_city`, `created_at`) VALUES ('55', '82', '1', 'm', '2000-08-15', 'New Hal', '2005-02-02 00:00:00');
INSERT INTO `profile` (`profile_id`, `photo__profile_id`, `rang_user`, `gender`, `birthday`, `home_city`, `created_at`) VALUES ('56', '42', '2', 'f', '1988-12-07', 'Larsonburgh', '1982-01-08 00:00:00');
INSERT INTO `profile` (`profile_id`, `photo__profile_id`, `rang_user`, `gender`, `birthday`, `home_city`, `created_at`) VALUES ('57', '34', '2', 'f', '2011-08-23', 'Ferryside', '2005-10-12 00:00:00');
INSERT INTO `profile` (`profile_id`, `photo__profile_id`, `rang_user`, `gender`, `birthday`, `home_city`, `created_at`) VALUES ('58', '79', '3', 'f', '1994-07-09', 'Murielfort', '2001-05-05 00:00:00');
INSERT INTO `profile` (`profile_id`, `photo__profile_id`, `rang_user`, `gender`, `birthday`, `home_city`, `created_at`) VALUES ('59', '13', '3', 'f', '2010-05-02', 'Hildegardton', '2015-10-27 00:00:00');
INSERT INTO `profile` (`profile_id`, `photo__profile_id`, `rang_user`, `gender`, `birthday`, `home_city`, `created_at`) VALUES ('60', '8', '1', 'm', '1973-01-15', 'Boscoport', '2000-08-01 00:00:00');
INSERT INTO `profile` (`profile_id`, `photo__profile_id`, `rang_user`, `gender`, `birthday`, `home_city`, `created_at`) VALUES ('61', '99', '3', 'f', '1993-10-19', 'Hermanntown', '1994-12-31 00:00:00');
INSERT INTO `profile` (`profile_id`, `photo__profile_id`, `rang_user`, `gender`, `birthday`, `home_city`, `created_at`) VALUES ('62', '73', '4', 'm', '1986-07-13', 'Jesseberg', '2002-09-26 00:00:00');
INSERT INTO `profile` (`profile_id`, `photo__profile_id`, `rang_user`, `gender`, `birthday`, `home_city`, `created_at`) VALUES ('63', '57', '4', 'm', '1975-05-15', 'Francescohaven', '1997-11-18 00:00:00');
INSERT INTO `profile` (`profile_id`, `photo__profile_id`, `rang_user`, `gender`, `birthday`, `home_city`, `created_at`) VALUES ('64', '42', '3', 'f', '1973-12-05', 'South Lavon', '2010-08-12 00:00:00');
INSERT INTO `profile` (`profile_id`, `photo__profile_id`, `rang_user`, `gender`, `birthday`, `home_city`, `created_at`) VALUES ('65', '56', '1', 'f', '1974-05-30', 'Connellyfurt', '1982-09-08 00:00:00');
INSERT INTO `profile` (`profile_id`, `photo__profile_id`, `rang_user`, `gender`, `birthday`, `home_city`, `created_at`) VALUES ('66', '95', '4', 'm', '2020-05-20', 'Helenebury', '1988-11-03 00:00:00');
INSERT INTO `profile` (`profile_id`, `photo__profile_id`, `rang_user`, `gender`, `birthday`, `home_city`, `created_at`) VALUES ('67', '38', '1', 'm', '1978-08-02', 'Judechester', '1993-02-12 00:00:00');
INSERT INTO `profile` (`profile_id`, `photo__profile_id`, `rang_user`, `gender`, `birthday`, `home_city`, `created_at`) VALUES ('68', '94', '2', 'm', '1990-12-17', 'North Rutheside', '1998-06-15 00:00:00');
INSERT INTO `profile` (`profile_id`, `photo__profile_id`, `rang_user`, `gender`, `birthday`, `home_city`, `created_at`) VALUES ('69', '78', '3', 'f', '2006-02-02', 'Joanahaven', '2010-05-31 00:00:00');
INSERT INTO `profile` (`profile_id`, `photo__profile_id`, `rang_user`, `gender`, `birthday`, `home_city`, `created_at`) VALUES ('70', '29', '3', 'f', '2011-10-01', 'New Mohamedside', '1977-01-04 00:00:00');
INSERT INTO `profile` (`profile_id`, `photo__profile_id`, `rang_user`, `gender`, `birthday`, `home_city`, `created_at`) VALUES ('71', '67', '2', 'f', '1970-03-08', 'West Torrey', '1989-09-12 00:00:00');
INSERT INTO `profile` (`profile_id`, `photo__profile_id`, `rang_user`, `gender`, `birthday`, `home_city`, `created_at`) VALUES ('72', '24', '3', 'm', '2018-05-08', 'Manteberg', '1976-01-10 00:00:00');
INSERT INTO `profile` (`profile_id`, `photo__profile_id`, `rang_user`, `gender`, `birthday`, `home_city`, `created_at`) VALUES ('73', '99', '4', 'm', '1993-05-10', 'Lake Luz', '1989-03-24 00:00:00');
INSERT INTO `profile` (`profile_id`, `photo__profile_id`, `rang_user`, `gender`, `birthday`, `home_city`, `created_at`) VALUES ('74', '46', '2', 'f', '1992-11-15', 'Champlinhaven', '2002-07-23 00:00:00');
INSERT INTO `profile` (`profile_id`, `photo__profile_id`, `rang_user`, `gender`, `birthday`, `home_city`, `created_at`) VALUES ('75', '76', '1', 'm', '1998-06-18', 'Hannastad', '1980-11-20 00:00:00');
INSERT INTO `profile` (`profile_id`, `photo__profile_id`, `rang_user`, `gender`, `birthday`, `home_city`, `created_at`) VALUES ('76', '42', '1', 'm', '1996-06-09', 'Walshhaven', '1991-09-29 00:00:00');
INSERT INTO `profile` (`profile_id`, `photo__profile_id`, `rang_user`, `gender`, `birthday`, `home_city`, `created_at`) VALUES ('77', '3', '3', 'f', '1988-11-09', 'Port Humberto', '1997-07-26 00:00:00');
INSERT INTO `profile` (`profile_id`, `photo__profile_id`, `rang_user`, `gender`, `birthday`, `home_city`, `created_at`) VALUES ('78', '97', '1', 'f', '2018-10-11', 'West Greg', '1975-02-25 00:00:00');
INSERT INTO `profile` (`profile_id`, `photo__profile_id`, `rang_user`, `gender`, `birthday`, `home_city`, `created_at`) VALUES ('79', '93', '3', 'm', '1973-02-27', 'Lubowitzchester', '1996-07-19 00:00:00');
INSERT INTO `profile` (`profile_id`, `photo__profile_id`, `rang_user`, `gender`, `birthday`, `home_city`, `created_at`) VALUES ('80', '60', '2', 'f', '1989-08-31', 'Predovicland', '2000-07-21 00:00:00');
INSERT INTO `profile` (`profile_id`, `photo__profile_id`, `rang_user`, `gender`, `birthday`, `home_city`, `created_at`) VALUES ('81', '52', '2', 'f', '2015-09-20', 'Fabiolaside', '1975-07-07 00:00:00');
INSERT INTO `profile` (`profile_id`, `photo__profile_id`, `rang_user`, `gender`, `birthday`, `home_city`, `created_at`) VALUES ('82', '44', '1', 'm', '1995-01-31', 'East Faustochester', '2001-10-19 00:00:00');
INSERT INTO `profile` (`profile_id`, `photo__profile_id`, `rang_user`, `gender`, `birthday`, `home_city`, `created_at`) VALUES ('83', '95', '4', 'm', '2010-07-23', 'Kundeton', '2010-01-22 00:00:00');
INSERT INTO `profile` (`profile_id`, `photo__profile_id`, `rang_user`, `gender`, `birthday`, `home_city`, `created_at`) VALUES ('84', '53', '1', 'f', '2006-04-03', 'New Florence', '1992-04-24 00:00:00');
INSERT INTO `profile` (`profile_id`, `photo__profile_id`, `rang_user`, `gender`, `birthday`, `home_city`, `created_at`) VALUES ('85', '86', '1', 'm', '1974-01-13', 'South Athenaside', '1999-08-12 00:00:00');
INSERT INTO `profile` (`profile_id`, `photo__profile_id`, `rang_user`, `gender`, `birthday`, `home_city`, `created_at`) VALUES ('86', '93', '4', 'f', '1983-07-02', 'Emmerichview', '2011-08-10 00:00:00');
INSERT INTO `profile` (`profile_id`, `photo__profile_id`, `rang_user`, `gender`, `birthday`, `home_city`, `created_at`) VALUES ('87', '19', '2', 'f', '2013-05-19', 'Bartolettiview', '2001-09-21 00:00:00');
INSERT INTO `profile` (`profile_id`, `photo__profile_id`, `rang_user`, `gender`, `birthday`, `home_city`, `created_at`) VALUES ('88', '14', '2', 'f', '1997-03-20', 'East Prestonville', '1973-07-22 00:00:00');
INSERT INTO `profile` (`profile_id`, `photo__profile_id`, `rang_user`, `gender`, `birthday`, `home_city`, `created_at`) VALUES ('89', '7', '4', 'f', '1992-09-02', 'New Pinkie', '2008-11-18 00:00:00');
INSERT INTO `profile` (`profile_id`, `photo__profile_id`, `rang_user`, `gender`, `birthday`, `home_city`, `created_at`) VALUES ('90', '52', '2', 'm', '1998-07-17', 'Mavisville', '2017-04-10 00:00:00');
INSERT INTO `profile` (`profile_id`, `photo__profile_id`, `rang_user`, `gender`, `birthday`, `home_city`, `created_at`) VALUES ('91', '47', '1', 'f', '1970-07-24', 'North Angelitaville', '2002-03-19 00:00:00');
INSERT INTO `profile` (`profile_id`, `photo__profile_id`, `rang_user`, `gender`, `birthday`, `home_city`, `created_at`) VALUES ('92', '32', '4', 'm', '2007-10-03', 'South Buford', '2009-12-24 00:00:00');
INSERT INTO `profile` (`profile_id`, `photo__profile_id`, `rang_user`, `gender`, `birthday`, `home_city`, `created_at`) VALUES ('93', '35', '2', 'm', '1982-07-14', 'Marcellusbury', '2001-07-11 00:00:00');
INSERT INTO `profile` (`profile_id`, `photo__profile_id`, `rang_user`, `gender`, `birthday`, `home_city`, `created_at`) VALUES ('94', '62', '3', 'f', '1973-03-02', 'Lake Karina', '1979-03-17 00:00:00');
INSERT INTO `profile` (`profile_id`, `photo__profile_id`, `rang_user`, `gender`, `birthday`, `home_city`, `created_at`) VALUES ('95', '92', '2', 'm', '1991-03-18', 'Aufderharberg', '1986-05-15 00:00:00');
INSERT INTO `profile` (`profile_id`, `photo__profile_id`, `rang_user`, `gender`, `birthday`, `home_city`, `created_at`) VALUES ('96', '94', '4', 'f', '2004-06-04', 'New Burleychester', '1978-03-23 00:00:00');
INSERT INTO `profile` (`profile_id`, `photo__profile_id`, `rang_user`, `gender`, `birthday`, `home_city`, `created_at`) VALUES ('97', '10', '2', 'm', '1991-01-04', 'Carolineland', '2002-09-19 00:00:00');
INSERT INTO `profile` (`profile_id`, `photo__profile_id`, `rang_user`, `gender`, `birthday`, `home_city`, `created_at`) VALUES ('98', '26', '1', 'm', '2015-02-07', 'Faheyfort', '2014-04-30 00:00:00');
INSERT INTO `profile` (`profile_id`, `photo__profile_id`, `rang_user`, `gender`, `birthday`, `home_city`, `created_at`) VALUES ('99', '81', '2', 'm', '1994-12-08', 'North Garrettbury', '1986-05-27 00:00:00');
INSERT INTO `profile` (`profile_id`, `photo__profile_id`, `rang_user`, `gender`, `birthday`, `home_city`, `created_at`) VALUES ('100', '50', '4', 'm', '1984-05-26', 'New Elyssa', '1994-08-07 00:00:00');

-- message
INSERT INTO `message` (`id`, `from_user_id`, `to_user_id`, `body`, `status`, `created_at`, `updated_at`) VALUES ('1', '36', '77', 'Consequatur qui quidem et eaque consequatur quia quas itaque. Hic omnis quis exercitationem qui. Nihil eum sint error tenetur.', 'прочитано', '2005-11-17 17:50:49', '1983-09-29 10:59:11');
INSERT INTO `message` (`id`, `from_user_id`, `to_user_id`, `body`, `status`, `created_at`, `updated_at`) VALUES ('2', '15', '65', 'Id aliquid quod ut unde. Placeat assumenda magnam tempora et reprehenderit architecto commodi. Omnis sunt et animi.', 'прочитано', '1976-04-04 11:07:26', '2003-04-30 05:25:50');
INSERT INTO `message` (`id`, `from_user_id`, `to_user_id`, `body`, `status`, `created_at`, `updated_at`) VALUES ('3', '48', '55', 'Quae ut iusto eaque delectus ea asperiores rem aut. Repellat officia autem voluptatem beatae commodi et quia vel.', 'прочитано', '1998-12-06 07:24:12', '2007-02-24 19:07:49');
INSERT INTO `message` (`id`, `from_user_id`, `to_user_id`, `body`, `status`, `created_at`, `updated_at`) VALUES ('4', '48', '100', 'Aspernatur et qui voluptatem. Illo doloremque perferendis necessitatibus ea ut. Est delectus consequatur amet ducimus. Sunt nulla ut natus consequatur cum consequatur.', 'не прочитано', '2016-06-07 22:02:04', '1993-07-13 08:33:52');
INSERT INTO `message` (`id`, `from_user_id`, `to_user_id`, `body`, `status`, `created_at`, `updated_at`) VALUES ('5', '63', '18', 'Quo dolore enim autem enim cupiditate assumenda. Sequi laboriosam et doloribus sed consequuntur dolorem. Aliquid reiciendis non qui reprehenderit. Qui molestiae perspiciatis adipisci in quidem.', 'не прочитано', '1981-10-08 10:02:32', '2010-07-01 15:17:22');
INSERT INTO `message` (`id`, `from_user_id`, `to_user_id`, `body`, `status`, `created_at`, `updated_at`) VALUES ('6', '82', '35', 'Atque quas aut dolores atque quia. Iure blanditiis dolor nobis ab. Maiores dolorem non omnis nulla et consequatur. Saepe qui libero fugit earum expedita quo voluptatem.', 'прочитано', '1986-11-01 02:24:31', '1998-08-17 07:36:00');
INSERT INTO `message` (`id`, `from_user_id`, `to_user_id`, `body`, `status`, `created_at`, `updated_at`) VALUES ('7', '3', '13', 'Repellendus excepturi placeat commodi hic et. Inventore error aliquam beatae quia. Nostrum et quod vitae veniam reprehenderit.', 'не прочитано', '1976-03-25 13:21:06', '2015-08-10 17:17:46');
INSERT INTO `message` (`id`, `from_user_id`, `to_user_id`, `body`, `status`, `created_at`, `updated_at`) VALUES ('8', '69', '85', 'Asperiores et vitae sint asperiores et mollitia ut aperiam. Tempora consectetur quo id dolorem totam nemo excepturi. Inventore sed voluptatibus atque quaerat quos rem libero.', 'не прочитано', '2011-11-21 16:19:05', '1983-01-04 01:13:19');
INSERT INTO `message` (`id`, `from_user_id`, `to_user_id`, `body`, `status`, `created_at`, `updated_at`) VALUES ('9', '15', '85', 'Enim itaque dolor voluptas voluptate. Placeat voluptates quia non non nesciunt. Laboriosam magnam delectus eius sint. Id placeat odit delectus est ut soluta.', 'прочитано', '1999-10-21 05:30:59', '2008-07-22 06:00:45');
INSERT INTO `message` (`id`, `from_user_id`, `to_user_id`, `body`, `status`, `created_at`, `updated_at`) VALUES ('10', '9', '3', 'Occaecati atque officiis vel at. Rerum ipsa nesciunt non et sit qui at. Quis modi quisquam corrupti accusamus in voluptate. Nemo unde ipsa rerum molestias quasi illum.', 'прочитано', '2012-12-30 08:55:06', '1986-10-28 12:06:34');
INSERT INTO `message` (`id`, `from_user_id`, `to_user_id`, `body`, `status`, `created_at`, `updated_at`) VALUES ('11', '40', '89', 'Voluptatem ad eius quo quia. Neque qui minus porro reprehenderit. Sint repudiandae omnis quasi corporis magni provident nihil.', 'не прочитано', '1975-06-05 04:15:32', '1977-12-23 07:57:20');
INSERT INTO `message` (`id`, `from_user_id`, `to_user_id`, `body`, `status`, `created_at`, `updated_at`) VALUES ('12', '32', '77', 'Nemo sequi non eaque aliquam. Eum a et asperiores et illum quas.\nMaiores eligendi aut nobis nulla. Deserunt est ipsum autem tempora sit eius voluptas sit. Praesentium perspiciatis enim sed in est.', 'не прочитано', '2001-11-17 14:12:04', '2003-10-05 19:31:18');
INSERT INTO `message` (`id`, `from_user_id`, `to_user_id`, `body`, `status`, `created_at`, `updated_at`) VALUES ('13', '60', '66', 'Impedit a minus ea animi consequatur qui enim. Aut eius fuga exercitationem et. Suscipit eum repellat nostrum et quidem.', 'прочитано', '2013-07-16 03:54:03', '1992-05-13 09:06:00');
INSERT INTO `message` (`id`, `from_user_id`, `to_user_id`, `body`, `status`, `created_at`, `updated_at`) VALUES ('14', '74', '74', 'Praesentium sequi ut sequi nostrum. Porro possimus et voluptatum sed. A quia voluptates consequatur omnis quia ut maxime.', 'не прочитано', '1977-12-20 08:46:43', '1999-05-24 04:18:09');
INSERT INTO `message` (`id`, `from_user_id`, `to_user_id`, `body`, `status`, `created_at`, `updated_at`) VALUES ('15', '22', '7', 'Et architecto corrupti magnam enim et quos iusto. In qui magnam doloribus blanditiis repudiandae.', 'прочитано', '1987-02-21 13:54:00', '1976-09-24 16:14:05');
INSERT INTO `message` (`id`, `from_user_id`, `to_user_id`, `body`, `status`, `created_at`, `updated_at`) VALUES ('16', '1', '83', 'Cumque molestiae doloribus ut ea. Quia quae est enim vel ut. Id corrupti voluptatem qui voluptas iusto nulla ut. Sit sit rem occaecati neque sunt.', 'прочитано', '1992-07-20 14:12:47', '1999-03-09 16:14:04');
INSERT INTO `message` (`id`, `from_user_id`, `to_user_id`, `body`, `status`, `created_at`, `updated_at`) VALUES ('17', '45', '51', 'Et quia iste molestiae in magni. Aperiam a quia iure quam.', 'не прочитано', '1989-11-21 12:03:25', '1995-10-18 11:58:58');
INSERT INTO `message` (`id`, `from_user_id`, `to_user_id`, `body`, `status`, `created_at`, `updated_at`) VALUES ('18', '96', '55', 'Vero qui et unde enim in saepe. Illo quod id molestias esse quia. Rerum atque rerum iste aperiam explicabo iure. Id inventore quia illum ex excepturi.', 'прочитано', '1999-01-11 15:05:38', '1977-08-10 01:24:06');
INSERT INTO `message` (`id`, `from_user_id`, `to_user_id`, `body`, `status`, `created_at`, `updated_at`) VALUES ('19', '15', '52', 'Accusamus voluptatibus aperiam iusto error consequatur. Reprehenderit est veniam est ut voluptas sunt.', 'не прочитано', '1970-01-13 08:05:49', '1981-12-09 18:45:45');
INSERT INTO `message` (`id`, `from_user_id`, `to_user_id`, `body`, `status`, `created_at`, `updated_at`) VALUES ('20', '17', '42', 'Ipsum et molestiae in quia aut inventore. Eos similique possimus et est. Vero quis nihil similique quia hic nesciunt. Velit veniam magni tempore alias magni dolorum provident.', 'не прочитано', '1997-02-19 16:26:35', '1998-11-07 22:05:36');
INSERT INTO `message` (`id`, `from_user_id`, `to_user_id`, `body`, `status`, `created_at`, `updated_at`) VALUES ('21', '12', '15', 'Quia quo itaque laborum aut quos autem. Officiis ipsam ullam omnis nihil culpa ea perferendis. Quo animi sint ut. Autem beatae qui sit. Tempora maxime praesentium delectus tenetur magnam.', 'не прочитано', '1976-08-20 03:52:12', '1970-03-27 09:01:21');
INSERT INTO `message` (`id`, `from_user_id`, `to_user_id`, `body`, `status`, `created_at`, `updated_at`) VALUES ('22', '87', '33', 'Natus eum non mollitia earum quidem veritatis ut. Ut voluptatem veritatis aspernatur molestiae. Beatae debitis amet qui quam quidem et atque.', 'прочитано', '1984-08-06 16:07:15', '2006-11-27 15:53:54');
INSERT INTO `message` (`id`, `from_user_id`, `to_user_id`, `body`, `status`, `created_at`, `updated_at`) VALUES ('23', '65', '4', 'Magnam est odit quas. Molestias voluptas maxime asperiores aut quo. Soluta nostrum repellat est voluptatem enim.\nSit officia pariatur totam. Est sit minima laborum. Quo suscipit error iste sit.', 'не прочитано', '2009-06-01 05:08:11', '2020-05-30 05:36:55');
INSERT INTO `message` (`id`, `from_user_id`, `to_user_id`, `body`, `status`, `created_at`, `updated_at`) VALUES ('24', '28', '66', 'Voluptatem excepturi accusantium ea rem. Eos nam perferendis eum quibusdam quaerat. Earum voluptatem nemo earum quisquam.', 'прочитано', '2017-07-04 08:26:25', '1970-02-21 15:34:57');
INSERT INTO `message` (`id`, `from_user_id`, `to_user_id`, `body`, `status`, `created_at`, `updated_at`) VALUES ('25', '98', '27', 'Quam doloribus iure consectetur voluptas. Ducimus aliquam nemo illo qui beatae pariatur quis. Magnam quidem deserunt sapiente voluptatum eaque.', 'прочитано', '1971-11-04 13:04:07', '1988-04-19 10:12:13');
INSERT INTO `message` (`id`, `from_user_id`, `to_user_id`, `body`, `status`, `created_at`, `updated_at`) VALUES ('26', '7', '73', 'Laboriosam pariatur in et et accusamus deleniti omnis. Et enim blanditiis minus voluptatem. Doloribus odit hic iste occaecati qui. Vel asperiores magnam id expedita.', 'не прочитано', '1996-07-08 01:49:41', '1976-07-10 14:29:44');
INSERT INTO `message` (`id`, `from_user_id`, `to_user_id`, `body`, `status`, `created_at`, `updated_at`) VALUES ('27', '63', '64', 'Iste dolor quod amet autem impedit ut molestiae in. Aut tenetur illo totam nobis eligendi non. Velit sed reiciendis porro eum earum. Sit amet sapiente quis unde.', 'не прочитано', '1984-11-17 10:02:40', '1975-10-26 17:07:48');
INSERT INTO `message` (`id`, `from_user_id`, `to_user_id`, `body`, `status`, `created_at`, `updated_at`) VALUES ('28', '95', '18', 'Quae omnis aut veniam beatae. Ut omnis sint blanditiis aut aut in ab. Qui non rerum dolor accusamus nam iure.', 'не прочитано', '1988-10-01 14:03:14', '1997-09-08 12:16:05');
INSERT INTO `message` (`id`, `from_user_id`, `to_user_id`, `body`, `status`, `created_at`, `updated_at`) VALUES ('29', '82', '43', 'Doloremque quia delectus ex modi et nemo sunt unde. Voluptatem vel amet omnis.\nVitae ipsa ipsa recusandae qui qui. Esse autem quo odit ea. Quasi commodi eaque rerum facilis aut.', 'не прочитано', '1976-02-29 12:22:14', '1977-05-04 12:47:00');
INSERT INTO `message` (`id`, `from_user_id`, `to_user_id`, `body`, `status`, `created_at`, `updated_at`) VALUES ('30', '77', '50', 'Nihil vitae fugit expedita repellendus rem molestiae odit. Ratione id enim accusamus aliquam ut. Molestiae animi maxime quam est nisi doloribus.', 'не прочитано', '2003-02-03 03:21:26', '1973-04-15 17:27:50');
INSERT INTO `message` (`id`, `from_user_id`, `to_user_id`, `body`, `status`, `created_at`, `updated_at`) VALUES ('31', '69', '18', 'Consequatur eum nihil velit est et et. Beatae tenetur repellendus libero sint autem. Aliquid placeat autem consectetur. Enim labore qui veritatis esse incidunt.', 'прочитано', '1989-09-23 10:03:26', '2019-11-09 22:18:21');
INSERT INTO `message` (`id`, `from_user_id`, `to_user_id`, `body`, `status`, `created_at`, `updated_at`) VALUES ('32', '24', '84', 'Vitae sed voluptatem eos possimus ipsam et. Illo quia est est quo. Et facilis veniam unde cupiditate accusamus cumque qui. A aut architecto asperiores voluptas eum.', 'прочитано', '1997-07-27 09:04:32', '1982-08-31 02:54:21');
INSERT INTO `message` (`id`, `from_user_id`, `to_user_id`, `body`, `status`, `created_at`, `updated_at`) VALUES ('33', '51', '97', 'Voluptatum perspiciatis ex ratione voluptatem nulla. Necessitatibus cum quam laboriosam cumque sed iste ullam. Nihil officiis qui voluptatem est. Incidunt nesciunt qui ut impedit.', 'не прочитано', '1999-05-03 16:58:56', '1985-04-18 22:33:38');
INSERT INTO `message` (`id`, `from_user_id`, `to_user_id`, `body`, `status`, `created_at`, `updated_at`) VALUES ('34', '10', '29', 'Reprehenderit quibusdam perferendis sit. Veniam ut natus enim eos magni perferendis. Soluta est doloremque dolores alias provident. Quia corrupti quia animi omnis dolor earum accusantium.', 'прочитано', '2018-09-18 21:27:10', '2016-05-09 00:32:54');
INSERT INTO `message` (`id`, `from_user_id`, `to_user_id`, `body`, `status`, `created_at`, `updated_at`) VALUES ('35', '11', '26', 'Praesentium est voluptas magni qui reprehenderit aut. Quas est in expedita. In dolores consectetur fugiat qui laboriosam tempora eveniet. Quis eligendi facere fugiat beatae eaque.', 'не прочитано', '2008-05-02 08:24:58', '1986-06-16 04:10:49');
INSERT INTO `message` (`id`, `from_user_id`, `to_user_id`, `body`, `status`, `created_at`, `updated_at`) VALUES ('36', '19', '100', 'Et ut molestiae ex provident. Ad adipisci minus aut vitae. Dolorum enim qui numquam officiis ut nihil.', 'прочитано', '1971-10-21 08:34:04', '2015-10-05 16:39:40');
INSERT INTO `message` (`id`, `from_user_id`, `to_user_id`, `body`, `status`, `created_at`, `updated_at`) VALUES ('37', '48', '92', 'Sed et laborum incidunt dignissimos voluptas vitae nesciunt fugit. Amet voluptates veritatis ut.', 'не прочитано', '2004-03-02 00:36:43', '1973-02-28 18:41:14');
INSERT INTO `message` (`id`, `from_user_id`, `to_user_id`, `body`, `status`, `created_at`, `updated_at`) VALUES ('38', '55', '71', 'Qui fugit itaque corrupti non. Cupiditate nemo repellat qui. Nam accusamus nihil eos ipsum alias. Dolor assumenda quo facilis ipsum. Modi impedit iure qui assumenda possimus omnis ea.', 'прочитано', '2000-05-13 05:39:47', '2014-09-05 22:21:56');
INSERT INTO `message` (`id`, `from_user_id`, `to_user_id`, `body`, `status`, `created_at`, `updated_at`) VALUES ('39', '94', '99', 'Qui maxime quos vel quis sunt autem. Qui qui itaque incidunt porro. Velit perferendis amet animi recusandae.', 'прочитано', '1970-12-10 12:31:54', '2012-10-10 22:02:51');
INSERT INTO `message` (`id`, `from_user_id`, `to_user_id`, `body`, `status`, `created_at`, `updated_at`) VALUES ('40', '42', '54', 'Voluptas natus aut minus eveniet. Quasi qui et cumque est accusantium asperiores similique. Est veritatis ut pariatur quisquam dolore molestias.', 'не прочитано', '1985-11-09 02:55:37', '1974-07-23 20:20:05');
INSERT INTO `message` (`id`, `from_user_id`, `to_user_id`, `body`, `status`, `created_at`, `updated_at`) VALUES ('41', '57', '92', 'Tenetur fugiat quia architecto tempore. Necessitatibus repellat occaecati explicabo laudantium non placeat dolores quibusdam. Veniam aperiam dignissimos quia. Ipsum et eos totam suscipit.', 'прочитано', '1988-02-26 02:31:03', '1975-05-03 16:30:00');
INSERT INTO `message` (`id`, `from_user_id`, `to_user_id`, `body`, `status`, `created_at`, `updated_at`) VALUES ('42', '79', '27', 'Dolorum tempora debitis et cupiditate in praesentium. Quibusdam minus magni quidem alias molestias.', 'не прочитано', '1971-11-21 20:08:49', '2013-06-29 04:58:18');
INSERT INTO `message` (`id`, `from_user_id`, `to_user_id`, `body`, `status`, `created_at`, `updated_at`) VALUES ('43', '52', '36', 'Dolor libero non ea necessitatibus ipsum. Repudiandae quo accusamus velit et reiciendis voluptatem perferendis. Vitae qui laudantium harum cupiditate magni sint.', 'прочитано', '1977-10-12 00:24:55', '1995-03-21 05:16:29');
INSERT INTO `message` (`id`, `from_user_id`, `to_user_id`, `body`, `status`, `created_at`, `updated_at`) VALUES ('44', '37', '16', 'Natus dolorem inventore cumque natus. Porro aperiam ipsum expedita dicta. Quasi quaerat deserunt adipisci nobis sint porro.', 'прочитано', '1997-06-03 20:08:10', '1972-11-11 21:07:06');
INSERT INTO `message` (`id`, `from_user_id`, `to_user_id`, `body`, `status`, `created_at`, `updated_at`) VALUES ('45', '53', '50', 'Et officia autem necessitatibus pariatur. Numquam aperiam quis praesentium laborum sit voluptatibus similique.', 'прочитано', '1981-01-13 11:05:02', '1998-12-06 00:03:18');
INSERT INTO `message` (`id`, `from_user_id`, `to_user_id`, `body`, `status`, `created_at`, `updated_at`) VALUES ('46', '51', '56', 'Earum omnis voluptate aut labore autem doloremque atque. Placeat voluptate rem pariatur. Aliquid perspiciatis eligendi aliquid aut rerum.', 'прочитано', '1975-05-10 03:43:02', '1985-06-01 19:34:33');
INSERT INTO `message` (`id`, `from_user_id`, `to_user_id`, `body`, `status`, `created_at`, `updated_at`) VALUES ('47', '71', '22', 'Distinctio nostrum possimus dolorum occaecati ea. Modi architecto asperiores rem reiciendis ut unde recusandae. Velit velit et impedit.', 'не прочитано', '2011-05-19 06:57:01', '1993-01-18 17:06:15');
INSERT INTO `message` (`id`, `from_user_id`, `to_user_id`, `body`, `status`, `created_at`, `updated_at`) VALUES ('48', '73', '4', 'Odit esse ullam maxime asperiores quam similique. Hic quia voluptatem illum minus sunt excepturi suscipit.', 'не прочитано', '2018-03-15 02:49:01', '2006-03-01 18:14:17');
INSERT INTO `message` (`id`, `from_user_id`, `to_user_id`, `body`, `status`, `created_at`, `updated_at`) VALUES ('49', '43', '71', 'Asperiores consequuntur laboriosam beatae sed repellendus rerum inventore rerum. Iste doloribus beatae deserunt ipsam ut minima quis. Sequi nostrum et sunt culpa.', 'прочитано', '1997-10-11 17:22:56', '1970-11-07 14:21:20');
INSERT INTO `message` (`id`, `from_user_id`, `to_user_id`, `body`, `status`, `created_at`, `updated_at`) VALUES ('50', '8', '24', 'Temporibus quia accusamus voluptatem qui. Ut aperiam minus deserunt laudantium consectetur eum consectetur. Qui eos eum aut sunt ratione. Quibusdam porro necessitatibus soluta quod tempora.', 'прочитано', '2016-05-03 11:41:42', '2008-02-24 05:19:32');
INSERT INTO `message` (`id`, `from_user_id`, `to_user_id`, `body`, `status`, `created_at`, `updated_at`) VALUES ('51', '20', '91', 'Eos accusantium quibusdam perspiciatis autem perspiciatis nam ipsum. Exercitationem quod voluptas nam voluptatibus consequuntur. Consequatur odit in consequuntur.', 'не прочитано', '1983-11-02 21:43:02', '2001-07-19 13:23:00');
INSERT INTO `message` (`id`, `from_user_id`, `to_user_id`, `body`, `status`, `created_at`, `updated_at`) VALUES ('52', '71', '11', 'Voluptate omnis eaque quo expedita rem fugit. Voluptates ex soluta cumque est non ea. Ea culpa enim consectetur quis dolor vero natus suscipit.', 'прочитано', '2002-11-23 04:18:19', '1981-10-04 04:29:36');
INSERT INTO `message` (`id`, `from_user_id`, `to_user_id`, `body`, `status`, `created_at`, `updated_at`) VALUES ('53', '66', '20', 'Alias quod eos est quibusdam rerum. Est dolorem est vero voluptatum suscipit. Eius quaerat repellendus velit doloremque velit est ad. Quia porro numquam voluptatem ducimus.', 'не прочитано', '2003-08-10 15:53:36', '1997-10-08 23:42:15');
INSERT INTO `message` (`id`, `from_user_id`, `to_user_id`, `body`, `status`, `created_at`, `updated_at`) VALUES ('54', '46', '39', 'Illum officia consequatur voluptates. Nobis et delectus velit debitis. Similique velit laudantium doloribus deserunt amet facere. Consequuntur quod minima ullam unde et voluptatum tenetur quisquam.', 'не прочитано', '1989-07-02 11:14:42', '1976-02-08 10:32:07');
INSERT INTO `message` (`id`, `from_user_id`, `to_user_id`, `body`, `status`, `created_at`, `updated_at`) VALUES ('55', '3', '61', 'Quam assumenda dolor iste nostrum. Ratione qui quia minus dolorem. Fugit voluptas iste aut quod.', 'прочитано', '2010-06-03 23:31:21', '2015-11-07 19:57:18');
INSERT INTO `message` (`id`, `from_user_id`, `to_user_id`, `body`, `status`, `created_at`, `updated_at`) VALUES ('56', '74', '74', 'Natus esse ut minima ut. Voluptatem quis harum necessitatibus eos natus vel unde. Temporibus ducimus aliquid excepturi.', 'не прочитано', '2009-01-28 10:07:28', '2000-10-19 01:29:19');
INSERT INTO `message` (`id`, `from_user_id`, `to_user_id`, `body`, `status`, `created_at`, `updated_at`) VALUES ('57', '37', '78', 'Aut delectus et quas aut et. Reprehenderit nihil voluptas unde ex et. Totam optio in quibusdam molestiae corporis. Beatae voluptatem quia et esse ea aliquam aut.', 'не прочитано', '2009-04-05 10:22:59', '2005-03-01 11:13:08');
INSERT INTO `message` (`id`, `from_user_id`, `to_user_id`, `body`, `status`, `created_at`, `updated_at`) VALUES ('58', '36', '99', 'Doloremque et nulla adipisci neque eum atque animi adipisci. Molestiae et quia dicta aut. Hic ut accusantium eaque dicta provident.', 'не прочитано', '1993-11-23 09:36:50', '1990-08-02 04:43:12');
INSERT INTO `message` (`id`, `from_user_id`, `to_user_id`, `body`, `status`, `created_at`, `updated_at`) VALUES ('59', '88', '84', 'Quibusdam omnis architecto vero libero tempora dignissimos nulla. Debitis qui et excepturi tempore aut. Corrupti et aut eum iure aut. Laudantium velit qui omnis ab dolorem.', 'не прочитано', '1974-09-22 16:20:05', '2002-02-17 00:26:04');
INSERT INTO `message` (`id`, `from_user_id`, `to_user_id`, `body`, `status`, `created_at`, `updated_at`) VALUES ('60', '30', '62', 'Repellendus excepturi natus dolorum deleniti quidem voluptatibus. Consequatur maxime sint sit omnis. Dolore omnis dolorum soluta fugit amet sunt deleniti.', 'прочитано', '1986-04-27 09:22:04', '1979-08-10 23:03:42');
INSERT INTO `message` (`id`, `from_user_id`, `to_user_id`, `body`, `status`, `created_at`, `updated_at`) VALUES ('61', '11', '53', 'Consequuntur sed et molestiae eos necessitatibus vel. Quis hic quia non consequatur molestiae. Occaecati sint est ipsa quia adipisci consequatur beatae.', 'не прочитано', '1986-09-16 06:40:10', '2008-07-20 22:24:06');
INSERT INTO `message` (`id`, `from_user_id`, `to_user_id`, `body`, `status`, `created_at`, `updated_at`) VALUES ('62', '33', '85', 'Eligendi voluptas error harum ipsa voluptas. Dolorem error in doloribus dolorem facilis veniam consectetur provident. Distinctio aut modi alias ratione et ipsam voluptatem.', 'прочитано', '2015-02-26 00:06:13', '1974-04-03 01:51:53');
INSERT INTO `message` (`id`, `from_user_id`, `to_user_id`, `body`, `status`, `created_at`, `updated_at`) VALUES ('63', '47', '8', 'Iste voluptates non architecto. Aliquam unde qui voluptatibus nemo pariatur aut. Aliquid vel harum et corrupti mollitia.', 'не прочитано', '1989-07-22 09:52:16', '2001-11-24 11:04:06');
INSERT INTO `message` (`id`, `from_user_id`, `to_user_id`, `body`, `status`, `created_at`, `updated_at`) VALUES ('64', '47', '23', 'Facilis iure perspiciatis sunt similique dolor aut. Mollitia quo porro repellat nisi laborum ut. Ratione pariatur omnis velit deserunt cupiditate officia.', 'прочитано', '1993-12-17 22:29:02', '2014-10-31 05:22:28');
INSERT INTO `message` (`id`, `from_user_id`, `to_user_id`, `body`, `status`, `created_at`, `updated_at`) VALUES ('65', '50', '17', 'Voluptatem magnam vel est et amet totam quo. Omnis aut asperiores iusto ducimus quisquam hic. Fugiat vel ad suscipit voluptas ut et rem laborum. Et hic et consequatur accusamus quibusdam est.', 'прочитано', '1995-03-18 08:08:21', '1970-02-22 21:07:56');
INSERT INTO `message` (`id`, `from_user_id`, `to_user_id`, `body`, `status`, `created_at`, `updated_at`) VALUES ('66', '81', '65', 'Praesentium quos similique consequatur tenetur. Rerum quia facere assumenda qui ipsa voluptatem eum.', 'прочитано', '1976-12-15 22:53:58', '2020-05-05 16:21:22');
INSERT INTO `message` (`id`, `from_user_id`, `to_user_id`, `body`, `status`, `created_at`, `updated_at`) VALUES ('67', '76', '75', 'Ipsam labore accusamus esse et velit voluptatum explicabo voluptatem. Aliquam tempore qui rerum sunt. Et quia libero sint labore illo repellendus.', 'прочитано', '1970-08-22 11:40:50', '2017-08-25 07:43:04');
INSERT INTO `message` (`id`, `from_user_id`, `to_user_id`, `body`, `status`, `created_at`, `updated_at`) VALUES ('68', '90', '29', 'Molestias quia magnam ratione impedit ipsum architecto. Dolor aperiam soluta laboriosam asperiores ipsa illum odit. Aut veniam mollitia debitis quia sit vitae id.', 'прочитано', '1974-11-01 19:30:47', '2017-10-18 07:24:58');
INSERT INTO `message` (`id`, `from_user_id`, `to_user_id`, `body`, `status`, `created_at`, `updated_at`) VALUES ('69', '19', '24', 'Rem aut illo dolorem aut sit voluptate sit. Deleniti facilis vel ex tenetur voluptate consequatur. Enim reprehenderit ut culpa non culpa quod.', 'не прочитано', '2017-03-05 07:15:37', '1982-01-22 10:32:40');
INSERT INTO `message` (`id`, `from_user_id`, `to_user_id`, `body`, `status`, `created_at`, `updated_at`) VALUES ('70', '65', '70', 'Iusto nobis a quos delectus quos. Mollitia sint et asperiores nisi consequatur.', 'не прочитано', '1990-04-20 07:42:27', '1982-08-06 18:04:55');
INSERT INTO `message` (`id`, `from_user_id`, `to_user_id`, `body`, `status`, `created_at`, `updated_at`) VALUES ('71', '49', '16', 'Sapiente dolore quo praesentium. Qui aperiam ratione culpa nihil impedit quibusdam vitae quia. Commodi voluptatem dicta et. Dolor facere rerum consequuntur eum.', 'прочитано', '2010-02-08 06:55:16', '1974-10-06 17:53:49');
INSERT INTO `message` (`id`, `from_user_id`, `to_user_id`, `body`, `status`, `created_at`, `updated_at`) VALUES ('72', '21', '94', 'Occaecati corrupti tempore eum cumque libero hic libero. Fugiat dignissimos corrupti quis. Omnis ut nihil et vel amet vel. Cumque aliquid possimus consequatur magnam et.', 'прочитано', '1996-06-09 14:01:48', '1988-10-08 21:28:10');
INSERT INTO `message` (`id`, `from_user_id`, `to_user_id`, `body`, `status`, `created_at`, `updated_at`) VALUES ('73', '32', '1', 'Rerum beatae ut odit nihil. Est commodi doloribus libero blanditiis qui. Atque repudiandae et et aliquid minima. Natus a quis aut excepturi qui iusto.', 'не прочитано', '2012-10-10 20:47:27', '1984-08-02 11:01:19');
INSERT INTO `message` (`id`, `from_user_id`, `to_user_id`, `body`, `status`, `created_at`, `updated_at`) VALUES ('74', '29', '8', 'Fugit eos blanditiis dolorum eum eveniet. Odio vel ipsa laborum quas necessitatibus dolor expedita. Voluptatem molestias sint magnam. Delectus non quod qui fugiat pariatur error ducimus.', 'не прочитано', '2006-04-16 02:13:24', '1970-07-07 15:47:43');
INSERT INTO `message` (`id`, `from_user_id`, `to_user_id`, `body`, `status`, `created_at`, `updated_at`) VALUES ('75', '21', '23', 'Corporis hic et aut facere quis. Ad est quo autem. Qui dolore voluptas unde itaque ipsa.', 'прочитано', '2012-01-02 09:49:16', '1992-05-09 20:33:41');
INSERT INTO `message` (`id`, `from_user_id`, `to_user_id`, `body`, `status`, `created_at`, `updated_at`) VALUES ('76', '35', '97', 'Deserunt dicta qui dolores eum quia eum est. Eveniet omnis qui libero nihil esse culpa aut. Minus dolores nihil nobis.', 'прочитано', '1989-07-07 22:52:42', '2001-09-30 08:09:47');
INSERT INTO `message` (`id`, `from_user_id`, `to_user_id`, `body`, `status`, `created_at`, `updated_at`) VALUES ('77', '77', '69', 'Sit facere dignissimos dolores labore voluptatem quod et. Sit blanditiis eos rerum sapiente vel. Ratione quas aut nesciunt natus maxime.', 'прочитано', '1982-11-19 14:33:13', '1997-10-19 10:21:57');
INSERT INTO `message` (`id`, `from_user_id`, `to_user_id`, `body`, `status`, `created_at`, `updated_at`) VALUES ('78', '81', '6', 'Voluptatem sit voluptatem suscipit magni cupiditate velit. Et corrupti quidem eum autem. Sequi ut quia voluptas. Ut soluta maxime qui earum reprehenderit non.', 'прочитано', '1972-01-25 11:52:56', '2016-10-08 23:10:58');
INSERT INTO `message` (`id`, `from_user_id`, `to_user_id`, `body`, `status`, `created_at`, `updated_at`) VALUES ('79', '97', '90', 'Saepe facilis perferendis et nemo voluptatem excepturi. Ut omnis illo qui. Fuga numquam omnis voluptates ratione sed et excepturi.', 'прочитано', '2003-06-21 23:51:42', '1989-11-12 02:21:03');
INSERT INTO `message` (`id`, `from_user_id`, `to_user_id`, `body`, `status`, `created_at`, `updated_at`) VALUES ('80', '79', '80', 'Qui sed unde quaerat facilis repellat ut. In quidem vel et deleniti. Fugit expedita recusandae saepe eum praesentium facere repellat.', 'прочитано', '1997-08-29 11:31:25', '1971-05-06 19:07:18');
INSERT INTO `message` (`id`, `from_user_id`, `to_user_id`, `body`, `status`, `created_at`, `updated_at`) VALUES ('81', '77', '91', 'Enim assumenda sit aut mollitia excepturi odio. Tempora quasi facilis sunt officia aspernatur qui. Nisi adipisci maxime ut praesentium maiores quia quas. Non facere et quos alias earum enim enim.', 'прочитано', '1984-01-24 19:24:58', '1977-02-12 13:43:08');
INSERT INTO `message` (`id`, `from_user_id`, `to_user_id`, `body`, `status`, `created_at`, `updated_at`) VALUES ('82', '56', '92', 'Quos vel numquam quia quod consequatur qui tenetur. Tempore assumenda nostrum a. Sed possimus hic repudiandae temporibus quibusdam iusto. Quasi quos eum qui aut nostrum deleniti.', 'не прочитано', '1996-04-09 12:57:05', '2011-10-07 11:21:02');
INSERT INTO `message` (`id`, `from_user_id`, `to_user_id`, `body`, `status`, `created_at`, `updated_at`) VALUES ('83', '90', '10', 'Veritatis fugiat et dolorum. Quibusdam enim rerum quia. Veritatis voluptas quod eum totam debitis est.', 'прочитано', '1978-03-15 07:36:10', '1979-01-24 13:34:02');
INSERT INTO `message` (`id`, `from_user_id`, `to_user_id`, `body`, `status`, `created_at`, `updated_at`) VALUES ('84', '18', '83', 'Laborum atque aut natus iusto ut itaque. Ut veritatis harum rerum et non. Et et ipsa vel eligendi rem quo.', 'не прочитано', '2001-07-01 13:08:50', '1993-07-21 20:19:42');
INSERT INTO `message` (`id`, `from_user_id`, `to_user_id`, `body`, `status`, `created_at`, `updated_at`) VALUES ('85', '40', '30', 'Dolorem iure saepe itaque nulla. Sequi ex distinctio nesciunt fugit ipsam quibusdam dicta dignissimos.', 'не прочитано', '1996-03-03 05:57:15', '1979-03-31 13:15:33');
INSERT INTO `message` (`id`, `from_user_id`, `to_user_id`, `body`, `status`, `created_at`, `updated_at`) VALUES ('86', '43', '33', 'Perferendis et et eos quia iusto. Eius voluptatem similique distinctio aut odit. Et inventore soluta porro voluptas.', 'прочитано', '1986-07-12 03:54:09', '1977-06-21 22:39:50');
INSERT INTO `message` (`id`, `from_user_id`, `to_user_id`, `body`, `status`, `created_at`, `updated_at`) VALUES ('87', '39', '17', 'Voluptate voluptatum dolorem ut quod quidem. Asperiores vitae voluptas facere dolor nam aut. Quisquam consequatur consequatur suscipit nihil aut reiciendis. Dignissimos veritatis adipisci est.', 'прочитано', '1973-01-21 13:32:28', '1993-05-31 01:12:48');
INSERT INTO `message` (`id`, `from_user_id`, `to_user_id`, `body`, `status`, `created_at`, `updated_at`) VALUES ('88', '71', '62', 'Odit sunt illum eligendi ut quibusdam nulla. Qui ut modi modi in sint et tempore.', 'прочитано', '1983-12-10 15:43:07', '2011-03-20 12:30:06');
INSERT INTO `message` (`id`, `from_user_id`, `to_user_id`, `body`, `status`, `created_at`, `updated_at`) VALUES ('89', '18', '98', 'Repellendus debitis aut error modi et cum nihil. Consequatur a ducimus saepe non. Perferendis mollitia quidem sit illo quod quia corrupti.', 'не прочитано', '2011-11-17 20:07:40', '2005-01-28 04:19:35');
INSERT INTO `message` (`id`, `from_user_id`, `to_user_id`, `body`, `status`, `created_at`, `updated_at`) VALUES ('90', '64', '42', 'Nihil expedita occaecati et voluptatem cumque. Dolorem ab vitae et at laborum. Ratione quam sequi at a ipsum aliquid. Sit voluptas velit veritatis incidunt illum voluptates possimus voluptatem.', 'не прочитано', '1986-10-15 17:27:40', '1986-04-06 23:25:32');
INSERT INTO `message` (`id`, `from_user_id`, `to_user_id`, `body`, `status`, `created_at`, `updated_at`) VALUES ('91', '34', '45', 'Quo asperiores assumenda iure veritatis vel. Et corrupti iste et neque et. Vel beatae quos quia qui iste quidem. Deserunt facilis qui asperiores laudantium quidem occaecati delectus.', 'не прочитано', '2005-11-02 07:32:48', '1981-11-06 16:14:35');
INSERT INTO `message` (`id`, `from_user_id`, `to_user_id`, `body`, `status`, `created_at`, `updated_at`) VALUES ('92', '47', '17', 'Quo aspernatur perferendis doloremque voluptatem repudiandae. Nesciunt et soluta perferendis natus. Voluptatem voluptas quasi debitis nulla quis dolores accusantium.', 'прочитано', '2013-05-09 00:44:13', '2018-09-23 21:17:37');
INSERT INTO `message` (`id`, `from_user_id`, `to_user_id`, `body`, `status`, `created_at`, `updated_at`) VALUES ('93', '12', '81', 'Nemo aut est voluptate velit accusamus commodi et voluptatem. Consequatur quos libero quia sit. Qui incidunt nemo iusto alias cumque ut aut. Eius praesentium veritatis vero aspernatur qui.', 'прочитано', '2007-07-21 12:53:37', '1987-09-20 09:55:53');
INSERT INTO `message` (`id`, `from_user_id`, `to_user_id`, `body`, `status`, `created_at`, `updated_at`) VALUES ('94', '8', '49', 'Sed illum consectetur quia est. Et impedit enim est tenetur assumenda ratione molestiae. Quis et dolorum numquam quia adipisci reprehenderit vel. Voluptatem iste velit eos harum.', 'прочитано', '1995-02-04 02:23:08', '1979-06-19 01:29:35');
INSERT INTO `message` (`id`, `from_user_id`, `to_user_id`, `body`, `status`, `created_at`, `updated_at`) VALUES ('95', '5', '71', 'Quaerat est adipisci repellendus animi. Maxime quo aspernatur illo ea. Ipsum alias voluptatem et iusto.', 'не прочитано', '2000-10-13 06:56:35', '1990-01-17 15:45:26');
INSERT INTO `message` (`id`, `from_user_id`, `to_user_id`, `body`, `status`, `created_at`, `updated_at`) VALUES ('96', '17', '55', 'Consequatur occaecati error voluptas et harum. Alias tempora corporis est iure quisquam facilis. Molestias repudiandae iure adipisci voluptas et. Et qui eius tenetur officiis culpa minima vel.', 'не прочитано', '1990-12-17 04:35:12', '1991-10-26 08:56:55');
INSERT INTO `message` (`id`, `from_user_id`, `to_user_id`, `body`, `status`, `created_at`, `updated_at`) VALUES ('97', '66', '15', 'Incidunt dolorem sit modi accusantium quis rerum. Enim sequi omnis quo neque. Et blanditiis rerum quia consequatur et provident recusandae.', 'прочитано', '1994-11-11 08:07:21', '1990-03-27 22:15:56');
INSERT INTO `message` (`id`, `from_user_id`, `to_user_id`, `body`, `status`, `created_at`, `updated_at`) VALUES ('98', '7', '92', 'Facilis accusantium rerum eveniet temporibus maxime. Omnis ut et eum. Architecto dolor dolore maxime ex suscipit possimus.', 'прочитано', '2003-03-14 13:18:01', '1983-06-10 22:38:54');
INSERT INTO `message` (`id`, `from_user_id`, `to_user_id`, `body`, `status`, `created_at`, `updated_at`) VALUES ('99', '94', '54', 'Illo cumque eum consequatur perferendis incidunt voluptatem. Molestiae delectus sed quo non omnis. Consequuntur autem sit officia aperiam quia. Ea omnis porro quo vel ut.', 'не прочитано', '1989-11-20 15:58:44', '1989-11-30 12:26:38');
INSERT INTO `message` (`id`, `from_user_id`, `to_user_id`, `body`, `status`, `created_at`, `updated_at`) VALUES ('100', '96', '66', 'Iure aut soluta non tempora doloribus. Enim odit qui eveniet aliquam est facilis. Deleniti laborum ut est sed eaque et. Aut modi fugiat quam at consequatur ut rerum consectetur.', 'прочитано', '2001-12-24 20:56:55', '1998-10-22 02:21:38');

-- fiends_request
INSERT INTO `friends_request` (`initiator_id`, `target_id`, `status`, `time_request`, `time_confirm`) VALUES ('1', '29', 'подтвержден', '1970-02-12 18:40:07', '2020-01-01 00:00:00');
INSERT INTO `friends_request` (`initiator_id`, `target_id`, `status`, `time_request`, `time_confirm`) VALUES ('1', '75', 'подтвержден', '2012-02-08 15:31:04', '2020-01-01 00:00:00');
INSERT INTO `friends_request` (`initiator_id`, `target_id`, `status`, `time_request`, `time_confirm`) VALUES ('3', '36', 'отправлен', '1974-06-25 13:37:33', '2020-01-01 00:00:00');
INSERT INTO `friends_request` (`initiator_id`, `target_id`, `status`, `time_request`, `time_confirm`) VALUES ('6', '74', 'отклонен', '1974-08-06 16:53:02', '2020-01-01 00:00:00');
INSERT INTO `friends_request` (`initiator_id`, `target_id`, `status`, `time_request`, `time_confirm`) VALUES ('7', '65', 'отклонен', '2002-01-19 12:46:20', '2020-01-01 00:00:00');
INSERT INTO `friends_request` (`initiator_id`, `target_id`, `status`, `time_request`, `time_confirm`) VALUES ('7', '72', 'отклонен', '2002-08-03 09:32:01', '2020-01-01 00:00:00');
INSERT INTO `friends_request` (`initiator_id`, `target_id`, `status`, `time_request`, `time_confirm`) VALUES ('7', '98', 'отправлен', '1990-12-27 06:25:06', '2020-01-01 00:00:00');
INSERT INTO `friends_request` (`initiator_id`, `target_id`, `status`, `time_request`, `time_confirm`) VALUES ('8', '61', 'отправлен', '2009-09-25 15:17:36', '2020-01-01 00:00:00');
INSERT INTO `friends_request` (`initiator_id`, `target_id`, `status`, `time_request`, `time_confirm`) VALUES ('9', '3', 'отклонен', '1998-11-12 12:07:04', '2020-01-01 00:00:00');
INSERT INTO `friends_request` (`initiator_id`, `target_id`, `status`, `time_request`, `time_confirm`) VALUES ('10', '32', 'отклонен', '2015-11-23 08:29:04', '2020-01-01 00:00:00');
INSERT INTO `friends_request` (`initiator_id`, `target_id`, `status`, `time_request`, `time_confirm`) VALUES ('10', '95', 'подтвержден', '2016-08-05 14:48:40', '2020-01-01 00:00:00');
INSERT INTO `friends_request` (`initiator_id`, `target_id`, `status`, `time_request`, `time_confirm`) VALUES ('11', '85', 'отправлен', '1990-08-13 15:14:48', '2020-01-01 00:00:00');
INSERT INTO `friends_request` (`initiator_id`, `target_id`, `status`, `time_request`, `time_confirm`) VALUES ('12', '7', 'в ожидании', '2018-01-16 03:41:29', '2020-01-01 00:00:00');
INSERT INTO `friends_request` (`initiator_id`, `target_id`, `status`, `time_request`, `time_confirm`) VALUES ('15', '5', 'подтвержден', '1975-09-13 10:52:18', '2020-01-01 00:00:00');
INSERT INTO `friends_request` (`initiator_id`, `target_id`, `status`, `time_request`, `time_confirm`) VALUES ('15', '73', 'подтвержден', '1990-10-24 16:31:40', '2020-01-01 00:00:00');
INSERT INTO `friends_request` (`initiator_id`, `target_id`, `status`, `time_request`, `time_confirm`) VALUES ('16', '90', 'в ожидании', '1998-03-05 08:21:31', '2020-01-01 00:00:00');
INSERT INTO `friends_request` (`initiator_id`, `target_id`, `status`, `time_request`, `time_confirm`) VALUES ('17', '25', 'подтвержден', '1975-11-05 16:31:15', '2020-01-01 00:00:00');
INSERT INTO `friends_request` (`initiator_id`, `target_id`, `status`, `time_request`, `time_confirm`) VALUES ('18', '72', 'в ожидании', '2019-09-17 20:58:42', '2020-01-01 00:00:00');
INSERT INTO `friends_request` (`initiator_id`, `target_id`, `status`, `time_request`, `time_confirm`) VALUES ('19', '5', 'отправлен', '1970-11-24 20:31:24', '2020-01-01 00:00:00');
INSERT INTO `friends_request` (`initiator_id`, `target_id`, `status`, `time_request`, `time_confirm`) VALUES ('19', '67', 'в ожидании', '2012-10-01 16:10:50', '2020-01-01 00:00:00');
INSERT INTO `friends_request` (`initiator_id`, `target_id`, `status`, `time_request`, `time_confirm`) VALUES ('20', '18', 'в ожидании', '1995-10-30 04:59:48', '2020-01-01 00:00:00');
INSERT INTO `friends_request` (`initiator_id`, `target_id`, `status`, `time_request`, `time_confirm`) VALUES ('21', '16', 'отправлен', '1985-03-15 22:03:18', '2020-01-01 00:00:00');
INSERT INTO `friends_request` (`initiator_id`, `target_id`, `status`, `time_request`, `time_confirm`) VALUES ('21', '69', 'отклонен', '1989-01-04 00:27:26', '2020-01-01 00:00:00');
INSERT INTO `friends_request` (`initiator_id`, `target_id`, `status`, `time_request`, `time_confirm`) VALUES ('22', '14', 'подтвержден', '1979-10-30 08:07:00', '2020-01-01 00:00:00');
INSERT INTO `friends_request` (`initiator_id`, `target_id`, `status`, `time_request`, `time_confirm`) VALUES ('22', '56', 'в ожидании', '1999-04-17 20:58:14', '2020-01-01 00:00:00');
INSERT INTO `friends_request` (`initiator_id`, `target_id`, `status`, `time_request`, `time_confirm`) VALUES ('25', '2', 'отклонен', '2013-11-11 22:55:22', '2020-01-01 00:00:00');
INSERT INTO `friends_request` (`initiator_id`, `target_id`, `status`, `time_request`, `time_confirm`) VALUES ('28', '98', 'подтвержден', '1996-09-11 14:40:28', '2020-01-01 00:00:00');
INSERT INTO `friends_request` (`initiator_id`, `target_id`, `status`, `time_request`, `time_confirm`) VALUES ('29', '19', 'подтвержден', '1997-12-29 01:29:01', '2020-01-01 00:00:00');
INSERT INTO `friends_request` (`initiator_id`, `target_id`, `status`, `time_request`, `time_confirm`) VALUES ('30', '49', 'подтвержден', '1990-04-01 20:00:51', '2020-01-01 00:00:00');
INSERT INTO `friends_request` (`initiator_id`, `target_id`, `status`, `time_request`, `time_confirm`) VALUES ('32', '33', 'отклонен', '2013-10-26 22:56:22', '2020-01-01 00:00:00');
INSERT INTO `friends_request` (`initiator_id`, `target_id`, `status`, `time_request`, `time_confirm`) VALUES ('32', '81', 'в ожидании', '1983-08-04 01:38:49', '2020-01-01 00:00:00');
INSERT INTO `friends_request` (`initiator_id`, `target_id`, `status`, `time_request`, `time_confirm`) VALUES ('33', '79', 'в ожидании', '1995-01-06 11:56:34', '2020-01-01 00:00:00');
INSERT INTO `friends_request` (`initiator_id`, `target_id`, `status`, `time_request`, `time_confirm`) VALUES ('36', '13', 'отклонен', '2011-10-08 08:06:51', '2020-01-01 00:00:00');
INSERT INTO `friends_request` (`initiator_id`, `target_id`, `status`, `time_request`, `time_confirm`) VALUES ('36', '16', 'в ожидании', '1985-12-22 19:31:54', '2020-01-01 00:00:00');
INSERT INTO `friends_request` (`initiator_id`, `target_id`, `status`, `time_request`, `time_confirm`) VALUES ('36', '71', 'отправлен', '1986-05-22 04:32:29', '2020-01-01 00:00:00');
INSERT INTO `friends_request` (`initiator_id`, `target_id`, `status`, `time_request`, `time_confirm`) VALUES ('40', '14', 'подтвержден', '1994-02-12 09:54:26', '2020-01-01 00:00:00');
INSERT INTO `friends_request` (`initiator_id`, `target_id`, `status`, `time_request`, `time_confirm`) VALUES ('40', '70', 'в ожидании', '2006-05-25 17:58:04', '2020-01-01 00:00:00');
INSERT INTO `friends_request` (`initiator_id`, `target_id`, `status`, `time_request`, `time_confirm`) VALUES ('42', '86', 'подтвержден', '2007-04-25 16:27:59', '2020-01-01 00:00:00');
INSERT INTO `friends_request` (`initiator_id`, `target_id`, `status`, `time_request`, `time_confirm`) VALUES ('43', '98', 'в ожидании', '1980-04-30 23:12:24', '2020-01-01 00:00:00');
INSERT INTO `friends_request` (`initiator_id`, `target_id`, `status`, `time_request`, `time_confirm`) VALUES ('45', '36', 'в ожидании', '2017-02-18 17:56:36', '2020-01-01 00:00:00');
INSERT INTO `friends_request` (`initiator_id`, `target_id`, `status`, `time_request`, `time_confirm`) VALUES ('45', '98', 'подтвержден', '1983-04-23 12:00:06', '2020-01-01 00:00:00');
INSERT INTO `friends_request` (`initiator_id`, `target_id`, `status`, `time_request`, `time_confirm`) VALUES ('46', '14', 'в ожидании', '2017-01-16 18:58:26', '2020-01-01 00:00:00');
INSERT INTO `friends_request` (`initiator_id`, `target_id`, `status`, `time_request`, `time_confirm`) VALUES ('46', '85', 'отклонен', '2019-02-15 12:34:58', '2020-01-01 00:00:00');
INSERT INTO `friends_request` (`initiator_id`, `target_id`, `status`, `time_request`, `time_confirm`) VALUES ('49', '62', 'отклонен', '1978-08-27 12:36:59', '2020-01-01 00:00:00');
INSERT INTO `friends_request` (`initiator_id`, `target_id`, `status`, `time_request`, `time_confirm`) VALUES ('49', '70', 'в ожидании', '1977-11-23 11:53:26', '2020-01-01 00:00:00');
INSERT INTO `friends_request` (`initiator_id`, `target_id`, `status`, `time_request`, `time_confirm`) VALUES ('49', '100', 'в ожидании', '2016-06-28 12:54:07', '2020-01-01 00:00:00');
INSERT INTO `friends_request` (`initiator_id`, `target_id`, `status`, `time_request`, `time_confirm`) VALUES ('50', '2', 'отклонен', '2005-07-26 17:23:40', '2020-01-01 00:00:00');
INSERT INTO `friends_request` (`initiator_id`, `target_id`, `status`, `time_request`, `time_confirm`) VALUES ('50', '38', 'отклонен', '1973-11-19 13:53:05', '2020-01-01 00:00:00');
INSERT INTO `friends_request` (`initiator_id`, `target_id`, `status`, `time_request`, `time_confirm`) VALUES ('51', '26', 'отправлен', '2019-01-15 23:53:23', '2020-01-01 00:00:00');
INSERT INTO `friends_request` (`initiator_id`, `target_id`, `status`, `time_request`, `time_confirm`) VALUES ('51', '54', 'подтвержден', '1983-05-07 23:38:06', '2020-01-01 00:00:00');
INSERT INTO `friends_request` (`initiator_id`, `target_id`, `status`, `time_request`, `time_confirm`) VALUES ('52', '31', 'в ожидании', '1995-10-29 10:00:22', '2020-01-01 00:00:00');
INSERT INTO `friends_request` (`initiator_id`, `target_id`, `status`, `time_request`, `time_confirm`) VALUES ('52', '44', 'в ожидании', '1997-03-02 17:23:40', '2020-01-01 00:00:00');
INSERT INTO `friends_request` (`initiator_id`, `target_id`, `status`, `time_request`, `time_confirm`) VALUES ('52', '70', 'в ожидании', '2020-04-08 07:57:45', '2020-01-01 00:00:00');
INSERT INTO `friends_request` (`initiator_id`, `target_id`, `status`, `time_request`, `time_confirm`) VALUES ('53', '52', 'в ожидании', '1994-05-13 18:25:15', '2020-01-01 00:00:00');
INSERT INTO `friends_request` (`initiator_id`, `target_id`, `status`, `time_request`, `time_confirm`) VALUES ('53', '62', 'отправлен', '2006-09-22 01:35:36', '2020-01-01 00:00:00');
INSERT INTO `friends_request` (`initiator_id`, `target_id`, `status`, `time_request`, `time_confirm`) VALUES ('54', '18', 'отклонен', '1976-11-24 04:32:41', '2020-01-01 00:00:00');
INSERT INTO `friends_request` (`initiator_id`, `target_id`, `status`, `time_request`, `time_confirm`) VALUES ('56', '29', 'подтвержден', '1989-04-30 19:31:41', '2020-01-01 00:00:00');
INSERT INTO `friends_request` (`initiator_id`, `target_id`, `status`, `time_request`, `time_confirm`) VALUES ('57', '39', 'в ожидании', '2007-07-20 15:45:07', '2020-01-01 00:00:00');
INSERT INTO `friends_request` (`initiator_id`, `target_id`, `status`, `time_request`, `time_confirm`) VALUES ('58', '30', 'отклонен', '1971-01-26 13:07:25', '2020-01-01 00:00:00');
INSERT INTO `friends_request` (`initiator_id`, `target_id`, `status`, `time_request`, `time_confirm`) VALUES ('59', '71', 'подтвержден', '2012-07-06 12:58:51', '2020-01-01 00:00:00');
INSERT INTO `friends_request` (`initiator_id`, `target_id`, `status`, `time_request`, `time_confirm`) VALUES ('59', '94', 'отклонен', '1997-06-17 21:40:34', '2020-01-01 00:00:00');
INSERT INTO `friends_request` (`initiator_id`, `target_id`, `status`, `time_request`, `time_confirm`) VALUES ('60', '3', 'отправлен', '2000-12-12 04:59:44', '2020-01-01 00:00:00');
INSERT INTO `friends_request` (`initiator_id`, `target_id`, `status`, `time_request`, `time_confirm`) VALUES ('60', '48', 'отправлен', '1974-10-03 13:48:31', '2020-01-01 00:00:00');
INSERT INTO `friends_request` (`initiator_id`, `target_id`, `status`, `time_request`, `time_confirm`) VALUES ('60', '50', 'отклонен', '1998-04-20 06:48:07', '2020-01-01 00:00:00');
INSERT INTO `friends_request` (`initiator_id`, `target_id`, `status`, `time_request`, `time_confirm`) VALUES ('62', '42', 'подтвержден', '2006-01-05 14:12:27', '2020-01-01 00:00:00');
INSERT INTO `friends_request` (`initiator_id`, `target_id`, `status`, `time_request`, `time_confirm`) VALUES ('63', '22', 'отправлен', '1975-03-02 20:41:33', '2020-01-01 00:00:00');
INSERT INTO `friends_request` (`initiator_id`, `target_id`, `status`, `time_request`, `time_confirm`) VALUES ('65', '59', 'отклонен', '1984-01-15 20:05:07', '2020-01-01 00:00:00');
INSERT INTO `friends_request` (`initiator_id`, `target_id`, `status`, `time_request`, `time_confirm`) VALUES ('66', '29', 'отклонен', '1988-02-13 01:13:46', '2020-01-01 00:00:00');
INSERT INTO `friends_request` (`initiator_id`, `target_id`, `status`, `time_request`, `time_confirm`) VALUES ('69', '41', 'отправлен', '1998-10-21 12:42:01', '2020-01-01 00:00:00');
INSERT INTO `friends_request` (`initiator_id`, `target_id`, `status`, `time_request`, `time_confirm`) VALUES ('70', '12', 'отправлен', '1985-06-28 04:19:53', '2020-01-01 00:00:00');
INSERT INTO `friends_request` (`initiator_id`, `target_id`, `status`, `time_request`, `time_confirm`) VALUES ('70', '28', 'в ожидании', '2008-11-28 04:39:40', '2020-01-01 00:00:00');
INSERT INTO `friends_request` (`initiator_id`, `target_id`, `status`, `time_request`, `time_confirm`) VALUES ('70', '85', 'отклонен', '1971-07-30 18:14:35', '2020-01-01 00:00:00');
INSERT INTO `friends_request` (`initiator_id`, `target_id`, `status`, `time_request`, `time_confirm`) VALUES ('71', '59', 'в ожидании', '1998-12-17 10:42:56', '2020-01-01 00:00:00');
INSERT INTO `friends_request` (`initiator_id`, `target_id`, `status`, `time_request`, `time_confirm`) VALUES ('72', '46', 'отправлен', '1994-01-14 23:40:02', '2020-01-01 00:00:00');
INSERT INTO `friends_request` (`initiator_id`, `target_id`, `status`, `time_request`, `time_confirm`) VALUES ('72', '79', 'отклонен', '1994-11-28 21:17:22', '2020-01-01 00:00:00');
INSERT INTO `friends_request` (`initiator_id`, `target_id`, `status`, `time_request`, `time_confirm`) VALUES ('74', '52', 'отклонен', '1987-08-12 16:17:13', '2020-01-01 00:00:00');
INSERT INTO `friends_request` (`initiator_id`, `target_id`, `status`, `time_request`, `time_confirm`) VALUES ('78', '36', 'подтвержден', '2015-08-21 12:42:26', '2020-01-01 00:00:00');
INSERT INTO `friends_request` (`initiator_id`, `target_id`, `status`, `time_request`, `time_confirm`) VALUES ('80', '33', 'подтвержден', '2010-09-04 05:02:01', '2020-01-01 00:00:00');
INSERT INTO `friends_request` (`initiator_id`, `target_id`, `status`, `time_request`, `time_confirm`) VALUES ('80', '97', 'отправлен', '1979-05-04 19:37:35', '2020-01-01 00:00:00');
INSERT INTO `friends_request` (`initiator_id`, `target_id`, `status`, `time_request`, `time_confirm`) VALUES ('81', '51', 'отправлен', '1975-01-27 20:38:42', '2020-01-01 00:00:00');
INSERT INTO `friends_request` (`initiator_id`, `target_id`, `status`, `time_request`, `time_confirm`) VALUES ('82', '57', 'в ожидании', '1970-09-06 05:30:14', '2020-01-01 00:00:00');
INSERT INTO `friends_request` (`initiator_id`, `target_id`, `status`, `time_request`, `time_confirm`) VALUES ('83', '100', 'отправлен', '1976-03-27 20:53:13', '2020-01-01 00:00:00');
INSERT INTO `friends_request` (`initiator_id`, `target_id`, `status`, `time_request`, `time_confirm`) VALUES ('84', '16', 'в ожидании', '1995-07-07 13:18:26', '2020-01-01 00:00:00');
INSERT INTO `friends_request` (`initiator_id`, `target_id`, `status`, `time_request`, `time_confirm`) VALUES ('85', '48', 'подтвержден', '2001-11-15 04:51:25', '2020-01-01 00:00:00');
INSERT INTO `friends_request` (`initiator_id`, `target_id`, `status`, `time_request`, `time_confirm`) VALUES ('85', '67', 'в ожидании', '1996-12-12 23:08:51', '2020-01-01 00:00:00');
INSERT INTO `friends_request` (`initiator_id`, `target_id`, `status`, `time_request`, `time_confirm`) VALUES ('89', '33', 'в ожидании', '2017-03-31 02:01:06', '2020-01-01 00:00:00');
INSERT INTO `friends_request` (`initiator_id`, `target_id`, `status`, `time_request`, `time_confirm`) VALUES ('90', '81', 'подтвержден', '1987-08-14 03:11:52', '2020-01-01 00:00:00');
INSERT INTO `friends_request` (`initiator_id`, `target_id`, `status`, `time_request`, `time_confirm`) VALUES ('91', '56', 'подтвержден', '1984-12-07 23:26:50', '2020-01-01 00:00:00');
INSERT INTO `friends_request` (`initiator_id`, `target_id`, `status`, `time_request`, `time_confirm`) VALUES ('91', '62', 'в ожидании', '1988-06-04 09:15:36', '2020-01-01 00:00:00');
INSERT INTO `friends_request` (`initiator_id`, `target_id`, `status`, `time_request`, `time_confirm`) VALUES ('92', '10', 'в ожидании', '1999-09-25 20:17:50', '2020-01-01 00:00:00');
INSERT INTO `friends_request` (`initiator_id`, `target_id`, `status`, `time_request`, `time_confirm`) VALUES ('92', '22', 'отправлен', '1973-08-16 13:40:13', '2020-01-01 00:00:00');
INSERT INTO `friends_request` (`initiator_id`, `target_id`, `status`, `time_request`, `time_confirm`) VALUES ('92', '58', 'подтвержден', '1998-03-23 05:32:33', '2020-01-01 00:00:00');
INSERT INTO `friends_request` (`initiator_id`, `target_id`, `status`, `time_request`, `time_confirm`) VALUES ('95', '9', 'отклонен', '1988-12-05 12:50:56', '2020-01-01 00:00:00');
INSERT INTO `friends_request` (`initiator_id`, `target_id`, `status`, `time_request`, `time_confirm`) VALUES ('95', '10', 'отправлен', '2010-08-25 05:43:21', '2020-01-01 00:00:00');
INSERT INTO `friends_request` (`initiator_id`, `target_id`, `status`, `time_request`, `time_confirm`) VALUES ('96', '7', 'отправлен', '1974-03-11 00:31:19', '2020-01-01 00:00:00');
INSERT INTO `friends_request` (`initiator_id`, `target_id`, `status`, `time_request`, `time_confirm`) VALUES ('97', '61', 'подтвержден', '1993-06-27 14:37:58', '2020-01-01 00:00:00');
INSERT INTO `friends_request` (`initiator_id`, `target_id`, `status`, `time_request`, `time_confirm`) VALUES ('98', '39', 'отправлен', '1991-03-04 16:50:24', '2020-01-01 00:00:00');
INSERT INTO `friends_request` (`initiator_id`, `target_id`, `status`, `time_request`, `time_confirm`) VALUES ('99', '17', 'отклонен', '1986-08-08 06:17:56', '2020-01-01 00:00:00');
INSERT INTO `friends_request` (`initiator_id`, `target_id`, `status`, `time_request`, `time_confirm`) VALUES ('100', '91', 'отклонен', '2020-03-15 20:13:07', '2020-01-01 00:00:00');

-- community
INSERT INTO `community` (`id`, `name`, `admin_id`, `created_at`) VALUES ('1', ' Кокос', '27', '1972-12-24 06:22:27');
INSERT INTO `community` (`id`, `name`, `admin_id`, `created_at`) VALUES ('2', ' Гуава', '16', '2006-09-12 20:54:36');
INSERT INTO `community` (`id`, `name`, `admin_id`, `created_at`) VALUES ('3', ' Звездное яблоко', '45', '2007-05-17 18:26:40');
INSERT INTO `community` (`id`, `name`, `admin_id`, `created_at`) VALUES ('4', ' Нойна', '27', '1991-06-27 08:27:23');
INSERT INTO `community` (`id`, `name`, `admin_id`, `created_at`) VALUES ('5', ' Молочное яблоко', '14', '2006-06-19 04:32:27');
INSERT INTO `community` (`id`, `name`, `admin_id`, `created_at`) VALUES ('6', ' Мандарин', '22', '2010-02-10 07:51:50');
INSERT INTO `community` (`id`, `name`, `admin_id`, `created_at`) VALUES ('7', ' Банан', '26', '2013-06-20 21:22:46');
INSERT INTO `community` (`id`, `name`, `admin_id`, `created_at`) VALUES ('8', 'Авокадо', '33', '1974-02-13 14:20:27');
INSERT INTO `community` (`id`, `name`, `admin_id`, `created_at`) VALUES ('9', ' Танжерин', '36', '1985-11-08 19:17:06');
INSERT INTO `community` (`id`, `name`, `admin_id`, `created_at`) VALUES ('10', 'Home garden', '40', '1984-10-20 19:10:14');
INSERT INTO `community` (`id`, `name`, `admin_id`, `created_at`) VALUES ('11', ' Джекфрут', '36', '2009-04-06 17:24:49');
INSERT INTO `community` (`id`, `name`, `admin_id`, `created_at`) VALUES ('12', ' Розовое яблоко', '10', '1991-08-23 23:01:19');
INSERT INTO `community` (`id`, `name`, `admin_id`, `created_at`) VALUES ('13', ' Рамбутан', '32', '2011-08-17 03:40:04');
INSERT INTO `community` (`id`, `name`, `admin_id`, `created_at`) VALUES ('14', ' Дыня', '37', '1987-01-11 12:33:58');
INSERT INTO `community` (`id`, `name`, `admin_id`, `created_at`) VALUES ('15', ' Момбин', '44', '1986-10-24 14:07:28');
INSERT INTO `community` (`id`, `name`, `admin_id`, `created_at`) VALUES ('16', ' Саподилла', '8', '1975-06-17 16:47:44');
INSERT INTO `community` (`id`, `name`, `admin_id`, `created_at`) VALUES ('17', ' Лонган', '30', '1997-11-19 13:33:21');
INSERT INTO `community` (`id`, `name`, `admin_id`, `created_at`) VALUES ('18', ' Манго', '39', '1982-12-27 12:27:44');
INSERT INTO `community` (`id`, `name`, `admin_id`, `created_at`) VALUES ('19', ' Маракуйя', '44', '2008-03-23 11:44:56');
INSERT INTO `community` (`id`, `name`, `admin_id`, `created_at`) VALUES ('20', ' Карамбола', '37', '1971-02-24 21:23:34');

INSERT INTO `user_community` (`user_id`, `community_id`) VALUES ('1', '14');
INSERT INTO `user_community` (`user_id`, `community_id`) VALUES ('2', '7');
INSERT INTO `user_community` (`user_id`, `community_id`) VALUES ('2', '20');
INSERT INTO `user_community` (`user_id`, `community_id`) VALUES ('5', '7');
INSERT INTO `user_community` (`user_id`, `community_id`) VALUES ('5', '11');
INSERT INTO `user_community` (`user_id`, `community_id`) VALUES ('6', '15');
INSERT INTO `user_community` (`user_id`, `community_id`) VALUES ('6', '19');
INSERT INTO `user_community` (`user_id`, `community_id`) VALUES ('7', '19');
INSERT INTO `user_community` (`user_id`, `community_id`) VALUES ('9', '7');
INSERT INTO `user_community` (`user_id`, `community_id`) VALUES ('9', '14');
INSERT INTO `user_community` (`user_id`, `community_id`) VALUES ('10', '4');
INSERT INTO `user_community` (`user_id`, `community_id`) VALUES ('10', '20');
INSERT INTO `user_community` (`user_id`, `community_id`) VALUES ('11', '20');
INSERT INTO `user_community` (`user_id`, `community_id`) VALUES ('12', '8');
INSERT INTO `user_community` (`user_id`, `community_id`) VALUES ('12', '10');
INSERT INTO `user_community` (`user_id`, `community_id`) VALUES ('12', '20');
INSERT INTO `user_community` (`user_id`, `community_id`) VALUES ('13', '9');
INSERT INTO `user_community` (`user_id`, `community_id`) VALUES ('13', '11');
INSERT INTO `user_community` (`user_id`, `community_id`) VALUES ('13', '12');
INSERT INTO `user_community` (`user_id`, `community_id`) VALUES ('14', '10');
INSERT INTO `user_community` (`user_id`, `community_id`) VALUES ('15', '14');
INSERT INTO `user_community` (`user_id`, `community_id`) VALUES ('17', '8');
INSERT INTO `user_community` (`user_id`, `community_id`) VALUES ('18', '7');
INSERT INTO `user_community` (`user_id`, `community_id`) VALUES ('19', '19');
INSERT INTO `user_community` (`user_id`, `community_id`) VALUES ('20', '15');
INSERT INTO `user_community` (`user_id`, `community_id`) VALUES ('24', '14');
INSERT INTO `user_community` (`user_id`, `community_id`) VALUES ('24', '20');
INSERT INTO `user_community` (`user_id`, `community_id`) VALUES ('26', '15');
INSERT INTO `user_community` (`user_id`, `community_id`) VALUES ('26', '17');
INSERT INTO `user_community` (`user_id`, `community_id`) VALUES ('28', '16');
INSERT INTO `user_community` (`user_id`, `community_id`) VALUES ('29', '2');
INSERT INTO `user_community` (`user_id`, `community_id`) VALUES ('30', '5');
INSERT INTO `user_community` (`user_id`, `community_id`) VALUES ('32', '5');
INSERT INTO `user_community` (`user_id`, `community_id`) VALUES ('32', '12');
INSERT INTO `user_community` (`user_id`, `community_id`) VALUES ('34', '1');
INSERT INTO `user_community` (`user_id`, `community_id`) VALUES ('34', '3');
INSERT INTO `user_community` (`user_id`, `community_id`) VALUES ('35', '9');
INSERT INTO `user_community` (`user_id`, `community_id`) VALUES ('36', '2');
INSERT INTO `user_community` (`user_id`, `community_id`) VALUES ('36', '17');
INSERT INTO `user_community` (`user_id`, `community_id`) VALUES ('37', '18');
INSERT INTO `user_community` (`user_id`, `community_id`) VALUES ('39', '11');
INSERT INTO `user_community` (`user_id`, `community_id`) VALUES ('41', '14');
INSERT INTO `user_community` (`user_id`, `community_id`) VALUES ('43', '3');
INSERT INTO `user_community` (`user_id`, `community_id`) VALUES ('43', '12');
INSERT INTO `user_community` (`user_id`, `community_id`) VALUES ('44', '20');
INSERT INTO `user_community` (`user_id`, `community_id`) VALUES ('45', '17');
INSERT INTO `user_community` (`user_id`, `community_id`) VALUES ('46', '13');
INSERT INTO `user_community` (`user_id`, `community_id`) VALUES ('48', '3');
INSERT INTO `user_community` (`user_id`, `community_id`) VALUES ('48', '14');
INSERT INTO `user_community` (`user_id`, `community_id`) VALUES ('49', '5');
INSERT INTO `user_community` (`user_id`, `community_id`) VALUES ('50', '15');
INSERT INTO `user_community` (`user_id`, `community_id`) VALUES ('53', '9');
INSERT INTO `user_community` (`user_id`, `community_id`) VALUES ('53', '11');
INSERT INTO `user_community` (`user_id`, `community_id`) VALUES ('54', '13');
INSERT INTO `user_community` (`user_id`, `community_id`) VALUES ('56', '4');
INSERT INTO `user_community` (`user_id`, `community_id`) VALUES ('58', '6');
INSERT INTO `user_community` (`user_id`, `community_id`) VALUES ('59', '10');
INSERT INTO `user_community` (`user_id`, `community_id`) VALUES ('60', '14');
INSERT INTO `user_community` (`user_id`, `community_id`) VALUES ('61', '12');
INSERT INTO `user_community` (`user_id`, `community_id`) VALUES ('61', '19');
INSERT INTO `user_community` (`user_id`, `community_id`) VALUES ('62', '6');
INSERT INTO `user_community` (`user_id`, `community_id`) VALUES ('63', '4');
INSERT INTO `user_community` (`user_id`, `community_id`) VALUES ('64', '12');
INSERT INTO `user_community` (`user_id`, `community_id`) VALUES ('65', '11');
INSERT INTO `user_community` (`user_id`, `community_id`) VALUES ('66', '17');
INSERT INTO `user_community` (`user_id`, `community_id`) VALUES ('68', '2');
INSERT INTO `user_community` (`user_id`, `community_id`) VALUES ('68', '4');
INSERT INTO `user_community` (`user_id`, `community_id`) VALUES ('68', '20');
INSERT INTO `user_community` (`user_id`, `community_id`) VALUES ('69', '12');
INSERT INTO `user_community` (`user_id`, `community_id`) VALUES ('70', '6');
INSERT INTO `user_community` (`user_id`, `community_id`) VALUES ('70', '14');
INSERT INTO `user_community` (`user_id`, `community_id`) VALUES ('73', '9');
INSERT INTO `user_community` (`user_id`, `community_id`) VALUES ('73', '13');
INSERT INTO `user_community` (`user_id`, `community_id`) VALUES ('74', '3');
INSERT INTO `user_community` (`user_id`, `community_id`) VALUES ('74', '10');
INSERT INTO `user_community` (`user_id`, `community_id`) VALUES ('75', '13');
INSERT INTO `user_community` (`user_id`, `community_id`) VALUES ('75', '20');
INSERT INTO `user_community` (`user_id`, `community_id`) VALUES ('76', '10');
INSERT INTO `user_community` (`user_id`, `community_id`) VALUES ('77', '4');
INSERT INTO `user_community` (`user_id`, `community_id`) VALUES ('77', '7');
INSERT INTO `user_community` (`user_id`, `community_id`) VALUES ('77', '10');
INSERT INTO `user_community` (`user_id`, `community_id`) VALUES ('79', '18');
INSERT INTO `user_community` (`user_id`, `community_id`) VALUES ('80', '10');
INSERT INTO `user_community` (`user_id`, `community_id`) VALUES ('81', '10');
INSERT INTO `user_community` (`user_id`, `community_id`) VALUES ('84', '4');
INSERT INTO `user_community` (`user_id`, `community_id`) VALUES ('84', '14');
INSERT INTO `user_community` (`user_id`, `community_id`) VALUES ('86', '5');
INSERT INTO `user_community` (`user_id`, `community_id`) VALUES ('86', '12');
INSERT INTO `user_community` (`user_id`, `community_id`) VALUES ('87', '3');
INSERT INTO `user_community` (`user_id`, `community_id`) VALUES ('90', '19');
INSERT INTO `user_community` (`user_id`, `community_id`) VALUES ('92', '2');
INSERT INTO `user_community` (`user_id`, `community_id`) VALUES ('93', '11');
INSERT INTO `user_community` (`user_id`, `community_id`) VALUES ('95', '9');
INSERT INTO `user_community` (`user_id`, `community_id`) VALUES ('96', '18');
INSERT INTO `user_community` (`user_id`, `community_id`) VALUES ('97', '7');
INSERT INTO `user_community` (`user_id`, `community_id`) VALUES ('97', '16');
INSERT INTO `user_community` (`user_id`, `community_id`) VALUES ('97', '17');
INSERT INTO `user_community` (`user_id`, `community_id`) VALUES ('100', '16');

INSERT INTO media_types (name)
VALUES ('Photo'),('Video'),('Post');

INSERT INTO `user_content` (`id`, `user_id`, `filename`, `type_id`, `size`, `body`, `created_at`, `updated_at`) VALUES ('1', '26', 'xif', '2', 659964, 'Ut dicta voluptatem qui maxime nobis. Fugiat sequi porro voluptas qui dicta esse.', '2008-07-06 17:22:50', '2020-01-01 00:00:00');
INSERT INTO `user_content` (`id`, `user_id`, `filename`, `type_id`, `size`, `body`, `created_at`, `updated_at`) VALUES ('2', '74', 'uvvt', '3', 564780, 'Sequi error sunt libero sapiente quisquam fuga. Harum minima et laboriosam mollitia.', '2014-06-25 08:31:50', '2020-01-01 00:00:00');
INSERT INTO `user_content` (`id`, `user_id`, `filename`, `type_id`, `size`, `body`, `created_at`, `updated_at`) VALUES ('3', '39', 'clp', '2', 43295, 'Quisquam officia voluptas laborum et et non. Quaerat corporis libero eos est.', '1971-01-30 06:52:07', '2020-01-01 00:00:00');
INSERT INTO `user_content` (`id`, `user_id`, `filename`, `type_id`, `size`, `body`, `created_at`, `updated_at`) VALUES ('4', '82', 'xhtml', '2', 692492, 'Esse aut ea et ratione tenetur laborum voluptate. Minus aut dolorum et illum.', '1992-02-24 12:31:58', '2020-01-01 00:00:00');
INSERT INTO `user_content` (`id`, `user_id`, `filename`, `type_id`, `size`, `body`, `created_at`, `updated_at`) VALUES ('5', '94', 'movie', '1', 270925, 'Et est expedita nam nam veniam consequatur provident. Cupiditate rerum quas ut.', '1972-06-01 14:57:37', '2020-01-01 00:00:00');
INSERT INTO `user_content` (`id`, `user_id`, `filename`, `type_id`, `size`, `body`, `created_at`, `updated_at`) VALUES ('6', '34', 'xltm', '2', 467706, 'Sed tempore rerum corporis itaque fuga distinctio dicta. Et doloribus ab voluptatem eum deserunt.', '2014-12-12 18:43:40', '2020-01-01 00:00:00');
INSERT INTO `user_content` (`id`, `user_id`, `filename`, `type_id`, `size`, `body`, `created_at`, `updated_at`) VALUES ('7', '55', 'see', '2', 659377, 'Rerum et reprehenderit ab vel enim. Ut quisquam deleniti vero. Numquam ratione at illum quo.', '2012-05-20 12:34:53', '2020-01-01 00:00:00');
INSERT INTO `user_content` (`id`, `user_id`, `filename`, `type_id`, `size`, `body`, `created_at`, `updated_at`) VALUES ('8', '82', 'mmf', '2', 857689, 'Accusamus aperiam praesentium delectus id atque. Vero et tempore maiores.', '2003-03-29 02:03:09', '2020-01-01 00:00:00');
INSERT INTO `user_content` (`id`, `user_id`, `filename`, `type_id`, `size`, `body`, `created_at`, `updated_at`) VALUES ('9', '11', 'wmd', '3', 578437, 'Sunt autem accusamus ea tempora. Aperiam rerum voluptatem dolore animi sed.', '2019-07-10 00:47:28', '2020-01-01 00:00:00');
INSERT INTO `user_content` (`id`, `user_id`, `filename`, `type_id`, `size`, `body`, `created_at`, `updated_at`) VALUES ('10', '54', 'z1', '2', 284104, 'Praesentium quidem non ea corrupti quaerat odit. Aspernatur qui et magnam.', '1974-01-22 12:02:17', '2020-01-01 00:00:00');
INSERT INTO `user_content` (`id`, `user_id`, `filename`, `type_id`, `size`, `body`, `created_at`, `updated_at`) VALUES ('11', '9', 'xo', '2', 841027, 'Doloremque cum ex doloremque est dolor. Voluptatem provident dicta ex qui itaque ut.', '1999-05-04 12:59:47', '2020-01-01 00:00:00');
INSERT INTO `user_content` (`id`, `user_id`, `filename`, `type_id`, `size`, `body`, `created_at`, `updated_at`) VALUES ('12', '77', 'wmd', '1', 752918, 'Numquam animi fugiat voluptate eos et ad magnam. Ut voluptatem fugiat laborum.', '1999-06-29 11:04:44', '2020-01-01 00:00:00');
INSERT INTO `user_content` (`id`, `user_id`, `filename`, `type_id`, `size`, `body`, `created_at`, `updated_at`) VALUES ('13', '54', 'ppt', '2', 628184, 'Dolor velit optio modi consectetur neque rerum. Facilis fugit maiores quia iste enim ea.', '2015-02-12 18:25:43', '2020-01-01 00:00:00');
INSERT INTO `user_content` (`id`, `user_id`, `filename`, `type_id`, `size`, `body`, `created_at`, `updated_at`) VALUES ('14', '32', 'sxd', '1', 806849, 'Beatae velit sint voluptatibus ad ducimus. Reiciendis dolorum odit velit.', '2008-04-02 16:19:05', '2020-01-01 00:00:00');
INSERT INTO `user_content` (`id`, `user_id`, `filename`, `type_id`, `size`, `body`, `created_at`, `updated_at`) VALUES ('15', '68', 'npx', '2', 53589, 'Tempore provident vitae aliquam aut quia distinctio. Totam voluptatum pariatur suscipit facilis.', '1976-05-06 11:14:29', '2020-01-01 00:00:00');
INSERT INTO `user_content` (`id`, `user_id`, `filename`, `type_id`, `size`, `body`, `created_at`, `updated_at`) VALUES ('16', '95', 'chat', '1', 817633, 'Incidunt non fuga dolorem totam error est fugit. Ab dolore quas deserunt et.', '1987-05-19 00:05:00', '2020-01-01 00:00:00');
INSERT INTO `user_content` (`id`, `user_id`, `filename`, `type_id`, `size`, `body`, `created_at`, `updated_at`) VALUES ('17', '71', 'vtu', '1', 829480, 'At incidunt iste recusandae iste voluptas. Blanditiis expedita rerum sint est.', '2003-02-24 15:18:25', '2020-01-01 00:00:00');
INSERT INTO `user_content` (`id`, `user_id`, `filename`, `type_id`, `size`, `body`, `created_at`, `updated_at`) VALUES ('18', '36', 'tfm', '3', 862773, 'Voluptatibus modi fugit architecto et ea. Assumenda neque itaque quis repellat eum molestias.', '1999-02-12 17:24:00', '2020-01-01 00:00:00');
INSERT INTO `user_content` (`id`, `user_id`, `filename`, `type_id`, `size`, `body`, `created_at`, `updated_at`) VALUES ('19', '52', 'nsc', '3', 232473, 'Et sit veritatis iusto minus numquam. Assumenda dolor laboriosam dicta vero ut porro aut.', '1999-01-27 08:58:55', '2020-01-01 00:00:00');
INSERT INTO `user_content` (`id`, `user_id`, `filename`, `type_id`, `size`, `body`, `created_at`, `updated_at`) VALUES ('20', '28', 'wmlsc', '1', 849199, 'Sed nulla qui voluptas fugiat quia. Consectetur sit eum consequuntur delectus sint at quia aut.', '1997-03-27 06:42:01', '2020-01-01 00:00:00');
INSERT INTO `user_content` (`id`, `user_id`, `filename`, `type_id`, `size`, `body`, `created_at`, `updated_at`) VALUES ('21', '87', 'potm', '3', 556608, 'Nulla at totam perferendis omnis. Quos ut molestias sequi aliquam aut quis.', '2015-11-15 07:07:41', '2020-01-01 00:00:00');
INSERT INTO `user_content` (`id`, `user_id`, `filename`, `type_id`, `size`, `body`, `created_at`, `updated_at`) VALUES ('22', '15', 'sldx', '3', 622554, 'Dolor animi esse a minus architecto sed. Aut illum nemo natus ab.', '1994-11-09 01:27:07', '2020-01-01 00:00:00');
INSERT INTO `user_content` (`id`, `user_id`, `filename`, `type_id`, `size`, `body`, `created_at`, `updated_at`) VALUES ('23', '93', 'mie', '3', 514563, 'Quas ipsam dicta magni eos. Quas est et beatae odit alias.', '2013-03-31 22:04:14', '2020-01-01 00:00:00');
INSERT INTO `user_content` (`id`, `user_id`, `filename`, `type_id`, `size`, `body`, `created_at`, `updated_at`) VALUES ('24', '89', 'sxm', '3', 611157, 'Voluptatem praesentium libero tempora sed quo mollitia cumque. Ab sit incidunt est minima.', '1980-05-30 00:25:02', '2020-01-01 00:00:00');
INSERT INTO `user_content` (`id`, `user_id`, `filename`, `type_id`, `size`, `body`, `created_at`, `updated_at`) VALUES ('25', '41', 'chm', '3', 832858, 'Expedita sint tempora dolores provident dolor. Alias quas mollitia et laborum quidem ab eveniet in.', '2005-05-22 23:53:07', '2020-01-01 00:00:00');
INSERT INTO `user_content` (`id`, `user_id`, `filename`, `type_id`, `size`, `body`, `created_at`, `updated_at`) VALUES ('26', '96', 'dfac', '3', 118115, 'Exercitationem tempora officiis animi exercitationem vel fuga. Porro non blanditiis et rerum ullam.', '2019-07-26 23:18:58', '2020-01-01 00:00:00');
INSERT INTO `user_content` (`id`, `user_id`, `filename`, `type_id`, `size`, `body`, `created_at`, `updated_at`) VALUES ('27', '64', 'latex', '2', 592441, 'Quisquam praesentium et voluptas tempore. Libero sunt reiciendis cum aut nemo voluptatem enim.', '2010-01-25 22:56:16', '2020-01-01 00:00:00');
INSERT INTO `user_content` (`id`, `user_id`, `filename`, `type_id`, `size`, `body`, `created_at`, `updated_at`) VALUES ('28', '5', 'geo', '3', 863156, 'Nemo molestias sed veritatis accusantium. Suscipit aut voluptatem nostrum aliquam.', '2013-11-10 11:16:30', '2020-01-01 00:00:00');
INSERT INTO `user_content` (`id`, `user_id`, `filename`, `type_id`, `size`, `body`, `created_at`, `updated_at`) VALUES ('29', '99', 'thmx', '3', 82, 'Ut doloremque temporibus perferendis et. Saepe rerum nihil maxime.', '1986-06-08 23:45:49', '2020-01-01 00:00:00');
INSERT INTO `user_content` (`id`, `user_id`, `filename`, `type_id`, `size`, `body`, `created_at`, `updated_at`) VALUES ('30', '54', 'jpeg', '1', 672958, 'Facilis est nisi et dolorem. Et qui tempore rerum aliquid id neque. Est ut fuga rerum.', '2018-08-30 09:31:47', '2020-01-01 00:00:00');
INSERT INTO `user_content` (`id`, `user_id`, `filename`, `type_id`, `size`, `body`, `created_at`, `updated_at`) VALUES ('31', '43', 'chrt', '1', 887596, 'Aut commodi dolore culpa in. Deleniti consequatur eos nihil labore vel quas voluptatem omnis.', '1998-07-04 22:25:09', '2020-01-01 00:00:00');
INSERT INTO `user_content` (`id`, `user_id`, `filename`, `type_id`, `size`, `body`, `created_at`, `updated_at`) VALUES ('32', '2', 'mmf', '3', 751341, 'Qui incidunt rem qui. Quam praesentium neque sequi delectus.', '1975-10-28 09:48:44', '2020-01-01 00:00:00');
INSERT INTO `user_content` (`id`, `user_id`, `filename`, `type_id`, `size`, `body`, `created_at`, `updated_at`) VALUES ('33', '13', 'ics', '3', 623799, 'Possimus ab nihil voluptatibus et. Sed molestiae minima assumenda. Dicta ratione natus cum non.', '2004-09-06 05:09:55', '2020-01-01 00:00:00');
INSERT INTO `user_content` (`id`, `user_id`, `filename`, `type_id`, `size`, `body`, `created_at`, `updated_at`) VALUES ('34', '19', 'sc', '2', 195035, 'Voluptate in libero debitis dignissimos. Qui et quaerat molestiae qui et qui fuga. Omnis et et aut.', '2000-02-24 12:54:10', '2020-01-01 00:00:00');
INSERT INTO `user_content` (`id`, `user_id`, `filename`, `type_id`, `size`, `body`, `created_at`, `updated_at`) VALUES ('35', '97', 'ez3', '3', 316486, 'Iure et qui nulla dolorum doloremque id. Ea id officia id fugit.', '2018-05-08 20:30:27', '2020-01-01 00:00:00');
INSERT INTO `user_content` (`id`, `user_id`, `filename`, `type_id`, `size`, `body`, `created_at`, `updated_at`) VALUES ('36', '71', 'skm', '3', 689899, 'Quia nobis explicabo et. Distinctio quia deleniti nisi eaque inventore ab.', '1974-10-24 01:04:43', '2020-01-01 00:00:00');
INSERT INTO `user_content` (`id`, `user_id`, `filename`, `type_id`, `size`, `body`, `created_at`, `updated_at`) VALUES ('37', '83', 'mdb', '1', 934317, 'Aut nam eos sed amet. Vel dolor velit soluta qui. Et ratione ut dolorem.', '1997-05-28 11:49:06', '2020-01-01 00:00:00');
INSERT INTO `user_content` (`id`, `user_id`, `filename`, `type_id`, `size`, `body`, `created_at`, `updated_at`) VALUES ('38', '33', 'cmx', '2', 917548, 'Pariatur iusto dolore minima quidem. Officia magni voluptas quia eaque aut tenetur.', '2006-03-28 12:08:35', '2020-01-01 00:00:00');
INSERT INTO `user_content` (`id`, `user_id`, `filename`, `type_id`, `size`, `body`, `created_at`, `updated_at`) VALUES ('39', '78', 'sgm', '3', 880323, 'Illum vel deleniti nam aut. Harum adipisci minima vel non.', '1978-02-26 17:42:36', '2020-01-01 00:00:00');
INSERT INTO `user_content` (`id`, `user_id`, `filename`, `type_id`, `size`, `body`, `created_at`, `updated_at`) VALUES ('40', '74', 'xar', '2', 751274, 'Commodi voluptate aut sit quidem repellendus aut. Nobis quia asperiores aut.', '1996-10-21 15:12:57', '2020-01-01 00:00:00');
INSERT INTO `user_content` (`id`, `user_id`, `filename`, `type_id`, `size`, `body`, `created_at`, `updated_at`) VALUES ('41', '1', 'pgn', '3', 594249, 'Aut quibusdam quaerat blanditiis molestiae. Ea in omnis sed ut ex accusantium.', '1987-10-19 12:00:17', '2020-01-01 00:00:00');
INSERT INTO `user_content` (`id`, `user_id`, `filename`, `type_id`, `size`, `body`, `created_at`, `updated_at`) VALUES ('42', '19', 'jnlp', '2', 501137, 'Autem est eos sit vel. Enim rerum distinctio molestiae. Velit sunt ut magnam eligendi earum.', '1999-10-01 11:09:53', '2020-01-01 00:00:00');
INSERT INTO `user_content` (`id`, `user_id`, `filename`, `type_id`, `size`, `body`, `created_at`, `updated_at`) VALUES ('43', '70', 'xdm', '3', 751174, 'Odio ut velit quis ad rem unde. Dolor nihil provident qui laboriosam et.', '1981-01-02 16:03:46', '2020-01-01 00:00:00');
INSERT INTO `user_content` (`id`, `user_id`, `filename`, `type_id`, `size`, `body`, `created_at`, `updated_at`) VALUES ('44', '4', 'f', '1', 657794, 'Ut qui nihil quae nam sed. Earum delectus voluptatem esse sed natus. Quo ea nulla quia repellendus.', '2008-02-29 16:28:13', '2020-01-01 00:00:00');
INSERT INTO `user_content` (`id`, `user_id`, `filename`, `type_id`, `size`, `body`, `created_at`, `updated_at`) VALUES ('45', '39', 'json', '1', 121490, 'Omnis ut dolorum iusto. Fuga ab ut quia voluptate eos rem vero dolores.', '1973-01-14 01:28:52', '2020-01-01 00:00:00');
INSERT INTO `user_content` (`id`, `user_id`, `filename`, `type_id`, `size`, `body`, `created_at`, `updated_at`) VALUES ('46', '35', 'xif', '1', 986427, 'Accusantium nobis itaque saepe qui. Veritatis earum esse ratione autem aut.', '2016-05-15 20:10:00', '2020-01-01 00:00:00');
INSERT INTO `user_content` (`id`, `user_id`, `filename`, `type_id`, `size`, `body`, `created_at`, `updated_at`) VALUES ('47', '88', 'udeb', '1', 383001, 'Aut molestias iure officiis est sed facilis et ab. Qui corporis dolores pariatur ex veritatis nisi.', '1984-07-07 12:13:51', '2020-01-01 00:00:00');
INSERT INTO `user_content` (`id`, `user_id`, `filename`, `type_id`, `size`, `body`, `created_at`, `updated_at`) VALUES ('48', '75', 'xlsm', '2', 730145, 'Quod omnis saepe quidem minus eum qui dignissimos. Voluptatibus sit et minus aperiam dolores.', '2018-01-20 16:41:47', '2020-01-01 00:00:00');
INSERT INTO `user_content` (`id`, `user_id`, `filename`, `type_id`, `size`, `body`, `created_at`, `updated_at`) VALUES ('49', '91', 'sm', '3', 549028, 'Ut ut et ut aut vitae omnis. Voluptas unde consequuntur aperiam explicabo tenetur fuga.', '1991-07-27 22:16:43', '2020-01-01 00:00:00');
INSERT INTO `user_content` (`id`, `user_id`, `filename`, `type_id`, `size`, `body`, `created_at`, `updated_at`) VALUES ('50', '85', 'mesh', '1', 34567, 'Omnis sint et nesciunt corrupti modi unde. Eos dignissimos molestias aut iusto quod cum recusandae.', '1973-10-22 16:02:12', '2020-01-01 00:00:00');

INSERT INTO `comments_content` (`id`, `content_id`, `from_user_id`, `body`, `created_at`, `updated_at`) VALUES ('1', '19', '76', 'Corrupti corrupti magni molestias.', '1997-02-23 14:37:20', '2020-01-01 00:00:00');
INSERT INTO `comments_content` (`id`, `content_id`, `from_user_id`, `body`, `created_at`, `updated_at`) VALUES ('2', '8', '41', 'Enim debitis exercitationem eos est sed in nihil.', '2002-01-28 19:34:32', '2020-01-01 00:00:00');
INSERT INTO `comments_content` (`id`, `content_id`, `from_user_id`, `body`, `created_at`, `updated_at`) VALUES ('3', '23', '22', 'Doloremque totam voluptatem accusamus et.', '2015-03-02 01:15:41', '2020-01-01 00:00:00');
INSERT INTO `comments_content` (`id`, `content_id`, `from_user_id`, `body`, `created_at`, `updated_at`) VALUES ('4', '47', '82', 'Alias aut doloremque ducimus nemo.', '2013-11-24 07:43:41', '2020-01-01 00:00:00');
INSERT INTO `comments_content` (`id`, `content_id`, `from_user_id`, `body`, `created_at`, `updated_at`) VALUES ('5', '22', '77', 'Modi dolor minima veniam culpa.', '1977-02-11 09:37:25', '2020-01-01 00:00:00');
INSERT INTO `comments_content` (`id`, `content_id`, `from_user_id`, `body`, `created_at`, `updated_at`) VALUES ('6', '23', '65', 'Error officia exercitationem rerum iste quo aut.', '2013-12-29 14:12:11', '2020-01-01 00:00:00');
INSERT INTO `comments_content` (`id`, `content_id`, `from_user_id`, `body`, `created_at`, `updated_at`) VALUES ('7', '22', '40', 'Maxime unde autem dolorem.', '1988-06-15 05:04:19', '2020-01-01 00:00:00');
INSERT INTO `comments_content` (`id`, `content_id`, `from_user_id`, `body`, `created_at`, `updated_at`) VALUES ('8', '30', '4', 'Ipsam et ab impedit eveniet.', '1981-06-05 12:27:40', '2020-01-01 00:00:00');
INSERT INTO `comments_content` (`id`, `content_id`, `from_user_id`, `body`, `created_at`, `updated_at`) VALUES ('9', '5', '45', 'Quam quo vel eos alias est.', '1997-10-03 19:02:05', '2020-01-01 00:00:00');
INSERT INTO `comments_content` (`id`, `content_id`, `from_user_id`, `body`, `created_at`, `updated_at`) VALUES ('10', '14', '47', 'Et quas laborum odio aliquam.', '2006-03-03 08:59:27', '2020-01-01 00:00:00');
INSERT INTO `comments_content` (`id`, `content_id`, `from_user_id`, `body`, `created_at`, `updated_at`) VALUES ('11', '19', '12', 'Et reprehenderit quas velit saepe.', '1976-01-15 16:20:43', '2020-01-01 00:00:00');
INSERT INTO `comments_content` (`id`, `content_id`, `from_user_id`, `body`, `created_at`, `updated_at`) VALUES ('12', '1', '8', 'Ullam hic dolorum incidunt.', '1999-07-02 12:32:47', '2020-01-01 00:00:00');
INSERT INTO `comments_content` (`id`, `content_id`, `from_user_id`, `body`, `created_at`, `updated_at`) VALUES ('13', '27', '95', 'Excepturi dolorem omnis est soluta voluptates.', '1993-12-21 19:22:41', '2020-01-01 00:00:00');
INSERT INTO `comments_content` (`id`, `content_id`, `from_user_id`, `body`, `created_at`, `updated_at`) VALUES ('14', '41', '47', 'Non rem maxime aut asperiores delectus.', '2000-06-29 10:11:57', '2020-01-01 00:00:00');
INSERT INTO `comments_content` (`id`, `content_id`, `from_user_id`, `body`, `created_at`, `updated_at`) VALUES ('15', '40', '99', 'Et dolor rem veniam eius totam cum similique.', '1988-09-13 23:40:38', '2020-01-01 00:00:00');
INSERT INTO `comments_content` (`id`, `content_id`, `from_user_id`, `body`, `created_at`, `updated_at`) VALUES ('16', '23', '60', 'Iusto et aut architecto.', '2003-02-28 09:59:32', '2020-01-01 00:00:00');
INSERT INTO `comments_content` (`id`, `content_id`, `from_user_id`, `body`, `created_at`, `updated_at`) VALUES ('17', '22', '75', 'Et sint reiciendis commodi nam.', '1991-04-06 08:41:44', '2020-01-01 00:00:00');
INSERT INTO `comments_content` (`id`, `content_id`, `from_user_id`, `body`, `created_at`, `updated_at`) VALUES ('18', '34', '16', 'Perferendis maiores rerum et assumenda quasi.', '1991-01-24 12:47:04', '2020-01-01 00:00:00');
INSERT INTO `comments_content` (`id`, `content_id`, `from_user_id`, `body`, `created_at`, `updated_at`) VALUES ('19', '44', '38', 'Veritatis error culpa exercitationem velit quis.', '2018-11-14 10:32:40', '2020-01-01 00:00:00');
INSERT INTO `comments_content` (`id`, `content_id`, `from_user_id`, `body`, `created_at`, `updated_at`) VALUES ('20', '32', '35', 'Officiis expedita omnis quis est amet.', '1986-01-19 03:24:29', '2020-01-01 00:00:00');
INSERT INTO `comments_content` (`id`, `content_id`, `from_user_id`, `body`, `created_at`, `updated_at`) VALUES ('21', '13', '78', 'Ipsa nihil velit consequuntur distinctio et.', '1977-07-22 10:30:06', '2020-01-01 00:00:00');
INSERT INTO `comments_content` (`id`, `content_id`, `from_user_id`, `body`, `created_at`, `updated_at`) VALUES ('22', '6', '33', 'Nisi suscipit sequi voluptas dolore.', '1975-09-30 10:15:31', '2020-01-01 00:00:00');
INSERT INTO `comments_content` (`id`, `content_id`, `from_user_id`, `body`, `created_at`, `updated_at`) VALUES ('23', '17', '12', 'Animi quam quia voluptas error maiores ab.', '1986-04-26 15:53:25', '2020-01-01 00:00:00');
INSERT INTO `comments_content` (`id`, `content_id`, `from_user_id`, `body`, `created_at`, `updated_at`) VALUES ('24', '28', '35', 'Sed molestiae ut modi provident.', '1978-06-09 12:09:43', '2020-01-01 00:00:00');
INSERT INTO `comments_content` (`id`, `content_id`, `from_user_id`, `body`, `created_at`, `updated_at`) VALUES ('25', '12', '31', 'Eligendi quibusdam vel iusto inventore culpa.', '2018-12-20 08:42:02', '2020-01-01 00:00:00');
INSERT INTO `comments_content` (`id`, `content_id`, `from_user_id`, `body`, `created_at`, `updated_at`) VALUES ('26', '33', '15', 'Fuga a natus non cum doloremque.', '1995-09-13 00:50:38', '2020-01-01 00:00:00');
INSERT INTO `comments_content` (`id`, `content_id`, `from_user_id`, `body`, `created_at`, `updated_at`) VALUES ('27', '2', '83', 'Quos inventore omnis incidunt.', '1991-04-28 15:35:07', '2020-01-01 00:00:00');
INSERT INTO `comments_content` (`id`, `content_id`, `from_user_id`, `body`, `created_at`, `updated_at`) VALUES ('28', '11', '6', 'Aperiam qui alias error nihil.', '1970-02-20 18:31:50', '2020-01-01 00:00:00');
INSERT INTO `comments_content` (`id`, `content_id`, `from_user_id`, `body`, `created_at`, `updated_at`) VALUES ('29', '39', '3', 'Nesciunt at quis assumenda magnam.', '1989-01-13 12:15:36', '2020-01-01 00:00:00');
INSERT INTO `comments_content` (`id`, `content_id`, `from_user_id`, `body`, `created_at`, `updated_at`) VALUES ('30', '8', '4', 'Aliquid ut non in ea harum eligendi illo aut.', '1980-09-23 07:04:19', '2020-01-01 00:00:00');
INSERT INTO `comments_content` (`id`, `content_id`, `from_user_id`, `body`, `created_at`, `updated_at`) VALUES ('31', '27', '5', 'Praesentium nam aliquid quaerat repudiandae enim.', '1998-09-19 03:00:12', '2020-01-01 00:00:00');
INSERT INTO `comments_content` (`id`, `content_id`, `from_user_id`, `body`, `created_at`, `updated_at`) VALUES ('32', '6', '82', 'Qui voluptatem et dolores voluptatibus ipsa.', '1984-03-30 07:39:31', '2020-01-01 00:00:00');
INSERT INTO `comments_content` (`id`, `content_id`, `from_user_id`, `body`, `created_at`, `updated_at`) VALUES ('33', '47', '87', 'Voluptatem est illum sequi sed mollitia sit.', '2020-04-07 16:07:53', '2020-01-01 00:00:00');
INSERT INTO `comments_content` (`id`, `content_id`, `from_user_id`, `body`, `created_at`, `updated_at`) VALUES ('34', '15', '93', 'Quis fugiat minus magnam est molestiae.', '1988-03-01 23:15:59', '2020-01-01 00:00:00');
INSERT INTO `comments_content` (`id`, `content_id`, `from_user_id`, `body`, `created_at`, `updated_at`) VALUES ('35', '42', '35', 'Rerum itaque ut non est.', '1971-02-04 09:53:18', '2020-01-01 00:00:00');
INSERT INTO `comments_content` (`id`, `content_id`, `from_user_id`, `body`, `created_at`, `updated_at`) VALUES ('36', '25', '75', 'Repellendus vel quia sit iure.', '1987-03-13 11:05:17', '2020-01-01 00:00:00');
INSERT INTO `comments_content` (`id`, `content_id`, `from_user_id`, `body`, `created_at`, `updated_at`) VALUES ('37', '42', '70', 'Et voluptatem similique ut.', '1986-06-02 01:11:35', '2020-01-01 00:00:00');
INSERT INTO `comments_content` (`id`, `content_id`, `from_user_id`, `body`, `created_at`, `updated_at`) VALUES ('38', '12', '4', 'Natus a aut dignissimos esse et voluptatem.', '1984-04-07 20:43:44', '2020-01-01 00:00:00');
INSERT INTO `comments_content` (`id`, `content_id`, `from_user_id`, `body`, `created_at`, `updated_at`) VALUES ('39', '34', '74', 'Et maxime adipisci ut laborum et consequatur.', '2014-05-18 02:06:24', '2020-01-01 00:00:00');
INSERT INTO `comments_content` (`id`, `content_id`, `from_user_id`, `body`, `created_at`, `updated_at`) VALUES ('40', '10', '37', 'Provident non saepe sed rerum voluptas.', '2006-11-30 04:29:00', '2020-01-01 00:00:00');
INSERT INTO `comments_content` (`id`, `content_id`, `from_user_id`, `body`, `created_at`, `updated_at`) VALUES ('41', '3', '65', 'Quia blanditiis sequi et non itaque vero.', '1974-09-24 07:14:20', '2020-01-01 00:00:00');
INSERT INTO `comments_content` (`id`, `content_id`, `from_user_id`, `body`, `created_at`, `updated_at`) VALUES ('42', '7', '84', 'Nulla aut et necessitatibus ex et.', '1976-12-20 04:10:48', '2020-01-01 00:00:00');
INSERT INTO `comments_content` (`id`, `content_id`, `from_user_id`, `body`, `created_at`, `updated_at`) VALUES ('43', '18', '43', 'Labore aspernatur molestiae sed numquam.', '1995-05-29 20:40:47', '2020-01-01 00:00:00');
INSERT INTO `comments_content` (`id`, `content_id`, `from_user_id`, `body`, `created_at`, `updated_at`) VALUES ('44', '16', '92', 'Perspiciatis id est impedit voluptatibus.', '2010-04-18 17:43:34', '2020-01-01 00:00:00');
INSERT INTO `comments_content` (`id`, `content_id`, `from_user_id`, `body`, `created_at`, `updated_at`) VALUES ('45', '22', '91', 'Esse voluptates consequatur ut omnis.', '2013-05-15 10:18:40', '2020-01-01 00:00:00');
INSERT INTO `comments_content` (`id`, `content_id`, `from_user_id`, `body`, `created_at`, `updated_at`) VALUES ('46', '10', '23', 'Id enim eum consequuntur impedit.', '1979-03-20 10:43:07', '2020-01-01 00:00:00');
INSERT INTO `comments_content` (`id`, `content_id`, `from_user_id`, `body`, `created_at`, `updated_at`) VALUES ('47', '10', '39', 'Reprehenderit magni dolorum nam.', '2013-06-25 00:21:49', '2020-01-01 00:00:00');
INSERT INTO `comments_content` (`id`, `content_id`, `from_user_id`, `body`, `created_at`, `updated_at`) VALUES ('48', '28', '100', 'A consequatur qui est molestias laborum at.', '2012-08-12 10:04:07', '2020-01-01 00:00:00');
INSERT INTO `comments_content` (`id`, `content_id`, `from_user_id`, `body`, `created_at`, `updated_at`) VALUES ('49', '14', '94', 'Vero quo consequuntur reiciendis quas.', '2019-05-09 09:34:21', '2020-01-01 00:00:00');
INSERT INTO `comments_content` (`id`, `content_id`, `from_user_id`, `body`, `created_at`, `updated_at`) VALUES ('50', '47', '80', 'Ex commodi voluptas facere.', '1987-08-07 10:01:11', '2020-01-01 00:00:00');
INSERT INTO `comments_content` (`id`, `content_id`, `from_user_id`, `body`, `created_at`, `updated_at`) VALUES ('51', '35', '76', 'Consequuntur voluptates sit et et itaque ut.', '1977-09-11 05:59:09', '2020-01-01 00:00:00');
INSERT INTO `comments_content` (`id`, `content_id`, `from_user_id`, `body`, `created_at`, `updated_at`) VALUES ('52', '32', '25', 'Dolorem quia sapiente rerum.', '1987-06-26 16:38:13', '2020-01-01 00:00:00');
INSERT INTO `comments_content` (`id`, `content_id`, `from_user_id`, `body`, `created_at`, `updated_at`) VALUES ('53', '34', '40', 'Odio qui sunt quia.', '1989-06-05 14:27:25', '2020-01-01 00:00:00');
INSERT INTO `comments_content` (`id`, `content_id`, `from_user_id`, `body`, `created_at`, `updated_at`) VALUES ('54', '24', '67', 'Alias aut excepturi voluptate ea dolore cum.', '1973-05-14 21:25:43', '2020-01-01 00:00:00');
INSERT INTO `comments_content` (`id`, `content_id`, `from_user_id`, `body`, `created_at`, `updated_at`) VALUES ('55', '47', '46', 'Eligendi culpa ducimus expedita est.', '1976-09-04 01:33:00', '2020-01-01 00:00:00');
INSERT INTO `comments_content` (`id`, `content_id`, `from_user_id`, `body`, `created_at`, `updated_at`) VALUES ('56', '48', '31', 'Doloremque a ea voluptas tempora eum et.', '1974-12-16 21:33:50', '2020-01-01 00:00:00');
INSERT INTO `comments_content` (`id`, `content_id`, `from_user_id`, `body`, `created_at`, `updated_at`) VALUES ('57', '41', '94', 'Voluptas a hic nulla hic culpa aut.', '1973-12-28 12:05:23', '2020-01-01 00:00:00');
INSERT INTO `comments_content` (`id`, `content_id`, `from_user_id`, `body`, `created_at`, `updated_at`) VALUES ('58', '48', '27', 'Non ex eligendi possimus recusandae.', '1977-08-09 21:01:53', '2020-01-01 00:00:00');
INSERT INTO `comments_content` (`id`, `content_id`, `from_user_id`, `body`, `created_at`, `updated_at`) VALUES ('59', '39', '90', 'Nam vel accusantium facilis.', '1985-01-23 07:29:06', '2020-01-01 00:00:00');
INSERT INTO `comments_content` (`id`, `content_id`, `from_user_id`, `body`, `created_at`, `updated_at`) VALUES ('60', '12', '94', 'Tempore est accusantium a aut qui.', '1988-08-29 18:15:57', '2020-01-01 00:00:00');
INSERT INTO `comments_content` (`id`, `content_id`, `from_user_id`, `body`, `created_at`, `updated_at`) VALUES ('61', '23', '41', 'Enim et atque nobis similique et iste.', '1972-03-18 16:05:14', '2020-01-01 00:00:00');
INSERT INTO `comments_content` (`id`, `content_id`, `from_user_id`, `body`, `created_at`, `updated_at`) VALUES ('62', '41', '63', 'Ea nostrum tenetur quasi facere voluptatem.', '2020-02-05 08:42:15', '2020-01-01 00:00:00');
INSERT INTO `comments_content` (`id`, `content_id`, `from_user_id`, `body`, `created_at`, `updated_at`) VALUES ('63', '44', '39', 'Labore quibusdam maxime nemo autem itaque at.', '1975-12-24 07:31:44', '2020-01-01 00:00:00');
INSERT INTO `comments_content` (`id`, `content_id`, `from_user_id`, `body`, `created_at`, `updated_at`) VALUES ('64', '34', '89', 'Doloribus est sed ut voluptatem praesentium.', '1995-07-08 18:42:41', '2020-01-01 00:00:00');
INSERT INTO `comments_content` (`id`, `content_id`, `from_user_id`, `body`, `created_at`, `updated_at`) VALUES ('65', '10', '98', 'Tenetur eius autem nemo.', '1973-08-04 23:17:57', '2020-01-01 00:00:00');
INSERT INTO `comments_content` (`id`, `content_id`, `from_user_id`, `body`, `created_at`, `updated_at`) VALUES ('66', '1', '20', 'Quo rem repudiandae corrupti consequatur ut iste.', '1970-05-20 01:28:10', '2020-01-01 00:00:00');
INSERT INTO `comments_content` (`id`, `content_id`, `from_user_id`, `body`, `created_at`, `updated_at`) VALUES ('67', '30', '9', 'Fugit occaecati hic explicabo nam.', '2004-12-30 02:22:17', '2020-01-01 00:00:00');
INSERT INTO `comments_content` (`id`, `content_id`, `from_user_id`, `body`, `created_at`, `updated_at`) VALUES ('68', '38', '45', 'Provident assumenda rerum fugit et ex et ad.', '1998-08-28 18:50:42', '2020-01-01 00:00:00');
INSERT INTO `comments_content` (`id`, `content_id`, `from_user_id`, `body`, `created_at`, `updated_at`) VALUES ('69', '15', '81', 'Quam suscipit consequatur ratione nostrum.', '2007-01-22 13:44:13', '2020-01-01 00:00:00');
INSERT INTO `comments_content` (`id`, `content_id`, `from_user_id`, `body`, `created_at`, `updated_at`) VALUES ('70', '46', '8', 'Deserunt ex eius aliquid voluptates in ut.', '2002-03-17 10:39:32', '2020-01-01 00:00:00');
INSERT INTO `comments_content` (`id`, `content_id`, `from_user_id`, `body`, `created_at`, `updated_at`) VALUES ('71', '25', '18', 'Enim id et sed nulla similique facilis.', '1988-02-24 07:15:16', '2020-01-01 00:00:00');
INSERT INTO `comments_content` (`id`, `content_id`, `from_user_id`, `body`, `created_at`, `updated_at`) VALUES ('72', '23', '49', 'Modi vel sint reiciendis ipsa qui molestiae.', '1980-05-14 18:14:03', '2020-01-01 00:00:00');
INSERT INTO `comments_content` (`id`, `content_id`, `from_user_id`, `body`, `created_at`, `updated_at`) VALUES ('73', '14', '33', 'Id et veniam laudantium.', '2014-07-27 06:22:34', '2020-01-01 00:00:00');
INSERT INTO `comments_content` (`id`, `content_id`, `from_user_id`, `body`, `created_at`, `updated_at`) VALUES ('74', '28', '65', 'Alias aperiam hic ipsa omnis doloremque.', '2017-05-12 14:54:37', '2020-01-01 00:00:00');
INSERT INTO `comments_content` (`id`, `content_id`, `from_user_id`, `body`, `created_at`, `updated_at`) VALUES ('75', '27', '65', 'Quos occaecati similique aspernatur fuga soluta.', '1970-12-16 10:24:44', '2020-01-01 00:00:00');
INSERT INTO `comments_content` (`id`, `content_id`, `from_user_id`, `body`, `created_at`, `updated_at`) VALUES ('76', '19', '62', 'Ipsam non animi ea sed.', '1976-10-06 09:35:48', '2020-01-01 00:00:00');
INSERT INTO `comments_content` (`id`, `content_id`, `from_user_id`, `body`, `created_at`, `updated_at`) VALUES ('77', '32', '52', 'Est provident laborum ad quia ducimus qui.', '2011-08-21 03:12:27', '2020-01-01 00:00:00');
INSERT INTO `comments_content` (`id`, `content_id`, `from_user_id`, `body`, `created_at`, `updated_at`) VALUES ('78', '42', '89', 'Doloribus non et nihil suscipit quia dolor.', '2006-10-19 08:11:31', '2020-01-01 00:00:00');
INSERT INTO `comments_content` (`id`, `content_id`, `from_user_id`, `body`, `created_at`, `updated_at`) VALUES ('79', '15', '64', 'Sunt et distinctio dolores.', '1988-05-05 12:10:50', '2020-01-01 00:00:00');
INSERT INTO `comments_content` (`id`, `content_id`, `from_user_id`, `body`, `created_at`, `updated_at`) VALUES ('80', '45', '94', 'Dolore inventore non laboriosam velit.', '1987-06-07 00:24:20', '2020-01-01 00:00:00');
INSERT INTO `comments_content` (`id`, `content_id`, `from_user_id`, `body`, `created_at`, `updated_at`) VALUES ('81', '35', '38', 'Necessitatibus ea possimus accusantium atque.', '2016-12-14 11:15:51', '2020-01-01 00:00:00');
INSERT INTO `comments_content` (`id`, `content_id`, `from_user_id`, `body`, `created_at`, `updated_at`) VALUES ('82', '2', '73', 'Ea iusto magni enim nostrum magnam cupiditate.', '1995-11-19 06:12:59', '2020-01-01 00:00:00');
INSERT INTO `comments_content` (`id`, `content_id`, `from_user_id`, `body`, `created_at`, `updated_at`) VALUES ('83', '26', '36', 'Ex perferendis dolor autem fuga et.', '2013-09-28 08:31:23', '2020-01-01 00:00:00');
INSERT INTO `comments_content` (`id`, `content_id`, `from_user_id`, `body`, `created_at`, `updated_at`) VALUES ('84', '47', '94', 'Sequi laudantium quisquam ex sunt ut est.', '2005-09-09 12:04:51', '2020-01-01 00:00:00');
INSERT INTO `comments_content` (`id`, `content_id`, `from_user_id`, `body`, `created_at`, `updated_at`) VALUES ('85', '31', '47', 'Similique blanditiis iusto est et corrupti.', '1971-07-10 17:02:02', '2020-01-01 00:00:00');
INSERT INTO `comments_content` (`id`, `content_id`, `from_user_id`, `body`, `created_at`, `updated_at`) VALUES ('86', '8', '58', 'Eius similique ut vero sit.', '1996-04-07 11:26:41', '2020-01-01 00:00:00');
INSERT INTO `comments_content` (`id`, `content_id`, `from_user_id`, `body`, `created_at`, `updated_at`) VALUES ('87', '7', '17', 'Cum voluptatem aut iure autem aut.', '1983-11-07 02:01:04', '2020-01-01 00:00:00');
INSERT INTO `comments_content` (`id`, `content_id`, `from_user_id`, `body`, `created_at`, `updated_at`) VALUES ('88', '17', '77', 'Dolor impedit delectus culpa et maiores.', '1972-09-28 02:24:12', '2020-01-01 00:00:00');
INSERT INTO `comments_content` (`id`, `content_id`, `from_user_id`, `body`, `created_at`, `updated_at`) VALUES ('89', '42', '54', 'Odit molestiae assumenda aliquid et dicta fugit.', '1980-08-12 04:57:23', '2020-01-01 00:00:00');
INSERT INTO `comments_content` (`id`, `content_id`, `from_user_id`, `body`, `created_at`, `updated_at`) VALUES ('90', '44', '62', 'Velit dolorem repudiandae ratione rerum.', '2002-05-12 21:10:28', '2020-01-01 00:00:00');
INSERT INTO `comments_content` (`id`, `content_id`, `from_user_id`, `body`, `created_at`, `updated_at`) VALUES ('91', '39', '53', 'Est optio quidem incidunt et expedita sit.', '2014-06-13 14:35:31', '2020-01-01 00:00:00');
INSERT INTO `comments_content` (`id`, `content_id`, `from_user_id`, `body`, `created_at`, `updated_at`) VALUES ('92', '28', '41', 'Sint amet esse soluta. Modi nemo recusandae enim.', '2018-07-11 12:38:03', '2020-01-01 00:00:00');
INSERT INTO `comments_content` (`id`, `content_id`, `from_user_id`, `body`, `created_at`, `updated_at`) VALUES ('93', '19', '13', 'Minus quidem repellat neque.', '1972-05-24 15:05:01', '2020-01-01 00:00:00');
INSERT INTO `comments_content` (`id`, `content_id`, `from_user_id`, `body`, `created_at`, `updated_at`) VALUES ('94', '33', '54', 'Ad vero aut inventore ipsam praesentium.', '2010-06-12 07:03:38', '2020-01-01 00:00:00');
INSERT INTO `comments_content` (`id`, `content_id`, `from_user_id`, `body`, `created_at`, `updated_at`) VALUES ('95', '17', '82', 'Doloremque qui deleniti asperiores magni.', '2010-09-18 21:07:43', '2020-01-01 00:00:00');
INSERT INTO `comments_content` (`id`, `content_id`, `from_user_id`, `body`, `created_at`, `updated_at`) VALUES ('96', '32', '70', 'Reiciendis et vel rerum explicabo corporis.', '2001-03-15 03:44:32', '2020-01-01 00:00:00');
INSERT INTO `comments_content` (`id`, `content_id`, `from_user_id`, `body`, `created_at`, `updated_at`) VALUES ('97', '21', '63', 'Sed deserunt rerum ut repellat.', '2013-03-26 22:02:24', '2020-01-01 00:00:00');
INSERT INTO `comments_content` (`id`, `content_id`, `from_user_id`, `body`, `created_at`, `updated_at`) VALUES ('98', '29', '34', 'Molestiae ut fugiat corporis sed et.', '1985-11-30 08:48:19', '2020-01-01 00:00:00');
INSERT INTO `comments_content` (`id`, `content_id`, `from_user_id`, `body`, `created_at`, `updated_at`) VALUES ('99', '11', '36', 'Dignissimos esse magnam qui voluptatibus qui.', '1982-06-28 19:07:43', '2020-01-01 00:00:00');
INSERT INTO `comments_content` (`id`, `content_id`, `from_user_id`, `body`, `created_at`, `updated_at`) VALUES ('100', '47', '77', 'Ut eos itaque dolorem odio minus est in.', '1990-06-10 02:11:15', '2020-01-01 00:00:00');

-- таблицы магазина
INSERT INTO catalogs (name)
VALUES ('Домашние теплицы'),('Семена фруктов'),('Семена растений'),('Акссесуары'),('Доп.оборудование');

INSERT INTO products (name,desription,price,catalog_id)
VALUES ('Домашная теплица - PREMIUM','Теплица класса Premium','200000','1'),('Домашная теплица - STANDART','Теплица класса Premium','100000','1'),
('Авокадо','...','150','2'),('Папайя','...','150','2'),('Рамбутан','...','150','2'),('Манго','...','150','2'),('Маракуйя','...','150','2'),
('Алламанда','...','150','3'),('Банксия','...','150','3'),('Баухиния','...','150','3'),('Блетилла','...','150','3'),('Саррацения','...','150','3'),
('Брелок','...','500','4'),('Майка','...','2000','4'),('Гриндер','...','4000','4'),
('Питательный резервуар','...','15000','5'),('Датчик замера сопротивления','...','3000','5'),('Видеокамер','...','7000','5');

INSERT INTO storehouses (name)
VALUES ('Домашние теплицы'),('Семена фруктов'),('Семена растений'),('Акссесуары'),('Доп.оборудование');

INSERT INTO storehouses_products (storehouse_id, product_id, value)
VALUES ('1','1','25'),('1','2','31'),('2','3','999'),('2','4','120'),('2','5','79'),('2','6','3'),
	('2','7','100'),('3','8','10'),('3','9','11'),('3','10','9'),('3','11','5'),('3','12','13'),	
	('4','13','55'),('4','14','7'),('4','15','12'),('5','16','5'),('5','17','20'),('5','18','17');

INSERT INTO `orders` (`id`, `user_id`, `created_at`, `updated_at`) VALUES ('1', '91', '2018-08-03 03:55:58', '2020-01-01 00:00:00');
INSERT INTO `orders` (`id`, `user_id`, `created_at`, `updated_at`) VALUES ('2', '94', '2010-10-20 05:04:40', '2020-01-01 00:00:00');
INSERT INTO `orders` (`id`, `user_id`, `created_at`, `updated_at`) VALUES ('3', '29', '1993-11-08 15:33:37', '2020-01-01 00:00:00');
INSERT INTO `orders` (`id`, `user_id`, `created_at`, `updated_at`) VALUES ('4', '5', '1987-06-08 09:42:57', '2020-01-01 00:00:00');
INSERT INTO `orders` (`id`, `user_id`, `created_at`, `updated_at`) VALUES ('5', '23', '2002-03-06 20:29:27', '2020-01-01 00:00:00');
INSERT INTO `orders` (`id`, `user_id`, `created_at`, `updated_at`) VALUES ('6', '12', '1999-08-29 12:09:01', '2020-01-01 00:00:00');
INSERT INTO `orders` (`id`, `user_id`, `created_at`, `updated_at`) VALUES ('7', '16', '2011-10-22 22:21:56', '2020-01-01 00:00:00');
INSERT INTO `orders` (`id`, `user_id`, `created_at`, `updated_at`) VALUES ('8', '56', '2001-10-10 09:27:34', '2020-01-01 00:00:00');
INSERT INTO `orders` (`id`, `user_id`, `created_at`, `updated_at`) VALUES ('9', '45', '1971-04-15 08:43:25', '2020-01-01 00:00:00');
INSERT INTO `orders` (`id`, `user_id`, `created_at`, `updated_at`) VALUES ('10', '97', '2011-09-02 07:44:05', '2020-01-01 00:00:00');
INSERT INTO `orders` (`id`, `user_id`, `created_at`, `updated_at`) VALUES ('11', '3', '1985-11-11 01:43:47', '2020-01-01 00:00:00');
INSERT INTO `orders` (`id`, `user_id`, `created_at`, `updated_at`) VALUES ('12', '15', '2013-10-22 09:03:22', '2020-01-01 00:00:00');
INSERT INTO `orders` (`id`, `user_id`, `created_at`, `updated_at`) VALUES ('13', '66', '1998-09-07 04:02:23', '2020-01-01 00:00:00');
INSERT INTO `orders` (`id`, `user_id`, `created_at`, `updated_at`) VALUES ('14', '52', '1985-09-01 16:28:43', '2020-01-01 00:00:00');
INSERT INTO `orders` (`id`, `user_id`, `created_at`, `updated_at`) VALUES ('15', '89', '2005-05-24 12:07:22', '2020-01-01 00:00:00');
INSERT INTO `orders` (`id`, `user_id`, `created_at`, `updated_at`) VALUES ('16', '64', '2010-03-29 10:31:42', '2020-01-01 00:00:00');
INSERT INTO `orders` (`id`, `user_id`, `created_at`, `updated_at`) VALUES ('17', '7', '2007-09-22 14:51:36', '2020-01-01 00:00:00');
INSERT INTO `orders` (`id`, `user_id`, `created_at`, `updated_at`) VALUES ('18', '86', '2010-01-31 20:22:38', '2020-01-01 00:00:00');
INSERT INTO `orders` (`id`, `user_id`, `created_at`, `updated_at`) VALUES ('19', '73', '1978-03-25 15:44:26', '2020-01-01 00:00:00');
INSERT INTO `orders` (`id`, `user_id`, `created_at`, `updated_at`) VALUES ('20', '43', '2005-10-10 20:23:39', '2020-01-01 00:00:00');
INSERT INTO `orders` (`id`, `user_id`, `created_at`, `updated_at`) VALUES ('21', '16', '2006-10-07 13:16:45', '2020-01-01 00:00:00');
INSERT INTO `orders` (`id`, `user_id`, `created_at`, `updated_at`) VALUES ('22', '11', '1977-03-30 11:15:13', '2020-01-01 00:00:00');
INSERT INTO `orders` (`id`, `user_id`, `created_at`, `updated_at`) VALUES ('23', '54', '1980-02-14 05:59:45', '2020-01-01 00:00:00');
INSERT INTO `orders` (`id`, `user_id`, `created_at`, `updated_at`) VALUES ('24', '44', '1972-08-01 05:56:12', '2020-01-01 00:00:00');
INSERT INTO `orders` (`id`, `user_id`, `created_at`, `updated_at`) VALUES ('25', '91', '2015-07-05 23:24:28', '2020-01-01 00:00:00');
INSERT INTO `orders` (`id`, `user_id`, `created_at`, `updated_at`) VALUES ('26', '45', '1990-01-28 15:10:01', '2020-01-01 00:00:00');
INSERT INTO `orders` (`id`, `user_id`, `created_at`, `updated_at`) VALUES ('27', '77', '1981-12-31 08:50:16', '2020-01-01 00:00:00');
INSERT INTO `orders` (`id`, `user_id`, `created_at`, `updated_at`) VALUES ('28', '95', '2013-09-12 11:32:42', '2020-01-01 00:00:00');
INSERT INTO `orders` (`id`, `user_id`, `created_at`, `updated_at`) VALUES ('29', '97', '1995-05-11 23:41:52', '2020-01-01 00:00:00');
INSERT INTO `orders` (`id`, `user_id`, `created_at`, `updated_at`) VALUES ('30', '75', '1999-07-01 06:21:36', '2020-01-01 00:00:00');
INSERT INTO `orders` (`id`, `user_id`, `created_at`, `updated_at`) VALUES ('31', '71', '2018-12-11 22:06:23', '2020-01-01 00:00:00');
INSERT INTO `orders` (`id`, `user_id`, `created_at`, `updated_at`) VALUES ('32', '61', '2015-05-26 14:45:34', '2020-01-01 00:00:00');
INSERT INTO `orders` (`id`, `user_id`, `created_at`, `updated_at`) VALUES ('33', '5', '2014-01-12 05:00:10', '2020-01-01 00:00:00');
INSERT INTO `orders` (`id`, `user_id`, `created_at`, `updated_at`) VALUES ('34', '85', '2000-12-17 06:53:29', '2020-01-01 00:00:00');
INSERT INTO `orders` (`id`, `user_id`, `created_at`, `updated_at`) VALUES ('35', '87', '1979-01-30 15:49:03', '2020-01-01 00:00:00');
INSERT INTO `orders` (`id`, `user_id`, `created_at`, `updated_at`) VALUES ('36', '70', '2004-03-23 15:05:25', '2020-01-01 00:00:00');
INSERT INTO `orders` (`id`, `user_id`, `created_at`, `updated_at`) VALUES ('37', '11', '1982-05-09 14:50:33', '2020-01-01 00:00:00');
INSERT INTO `orders` (`id`, `user_id`, `created_at`, `updated_at`) VALUES ('38', '1', '2000-05-13 13:30:01', '2020-01-01 00:00:00');
INSERT INTO `orders` (`id`, `user_id`, `created_at`, `updated_at`) VALUES ('39', '51', '1982-10-25 19:24:19', '2020-01-01 00:00:00');
INSERT INTO `orders` (`id`, `user_id`, `created_at`, `updated_at`) VALUES ('40', '97', '2020-02-06 04:04:53', '2020-01-01 00:00:00');
INSERT INTO `orders` (`id`, `user_id`, `created_at`, `updated_at`) VALUES ('41', '60', '2000-05-06 14:26:57', '2020-01-01 00:00:00');
INSERT INTO `orders` (`id`, `user_id`, `created_at`, `updated_at`) VALUES ('42', '9', '1977-03-27 08:14:25', '2020-01-01 00:00:00');
INSERT INTO `orders` (`id`, `user_id`, `created_at`, `updated_at`) VALUES ('43', '46', '2013-11-27 12:03:57', '2020-01-01 00:00:00');
INSERT INTO `orders` (`id`, `user_id`, `created_at`, `updated_at`) VALUES ('44', '96', '2010-03-02 18:11:39', '2020-01-01 00:00:00');
INSERT INTO `orders` (`id`, `user_id`, `created_at`, `updated_at`) VALUES ('45', '53', '2016-05-08 19:39:48', '2020-01-01 00:00:00');
INSERT INTO `orders` (`id`, `user_id`, `created_at`, `updated_at`) VALUES ('46', '36', '1997-08-20 15:17:10', '2020-01-01 00:00:00');
INSERT INTO `orders` (`id`, `user_id`, `created_at`, `updated_at`) VALUES ('47', '75', '1979-04-24 11:16:44', '2020-01-01 00:00:00');
INSERT INTO `orders` (`id`, `user_id`, `created_at`, `updated_at`) VALUES ('48', '29', '2011-07-06 11:22:15', '2020-01-01 00:00:00');
INSERT INTO `orders` (`id`, `user_id`, `created_at`, `updated_at`) VALUES ('49', '56', '2017-07-21 00:57:20', '2020-01-01 00:00:00');
INSERT INTO `orders` (`id`, `user_id`, `created_at`, `updated_at`) VALUES ('50', '66', '1980-01-19 01:25:15', '2020-01-01 00:00:00');
INSERT INTO `orders` (`id`, `user_id`, `created_at`, `updated_at`) VALUES ('51', '56', '1977-05-15 19:04:10', '2020-01-01 00:00:00');
INSERT INTO `orders` (`id`, `user_id`, `created_at`, `updated_at`) VALUES ('52', '56', '2018-02-04 03:36:13', '2020-01-01 00:00:00');
INSERT INTO `orders` (`id`, `user_id`, `created_at`, `updated_at`) VALUES ('53', '41', '2019-10-22 08:25:29', '2020-01-01 00:00:00');
INSERT INTO `orders` (`id`, `user_id`, `created_at`, `updated_at`) VALUES ('54', '2', '1976-10-21 16:24:30', '2020-01-01 00:00:00');
INSERT INTO `orders` (`id`, `user_id`, `created_at`, `updated_at`) VALUES ('55', '84', '1983-05-05 04:54:13', '2020-01-01 00:00:00');
INSERT INTO `orders` (`id`, `user_id`, `created_at`, `updated_at`) VALUES ('56', '3', '1983-07-29 07:27:06', '2020-01-01 00:00:00');
INSERT INTO `orders` (`id`, `user_id`, `created_at`, `updated_at`) VALUES ('57', '59', '2009-07-01 19:04:04', '2020-01-01 00:00:00');
INSERT INTO `orders` (`id`, `user_id`, `created_at`, `updated_at`) VALUES ('58', '97', '1980-05-29 17:22:39', '2020-01-01 00:00:00');
INSERT INTO `orders` (`id`, `user_id`, `created_at`, `updated_at`) VALUES ('59', '84', '2013-10-21 08:42:46', '2020-01-01 00:00:00');
INSERT INTO `orders` (`id`, `user_id`, `created_at`, `updated_at`) VALUES ('60', '86', '2012-11-23 02:54:43', '2020-01-01 00:00:00');
INSERT INTO `orders` (`id`, `user_id`, `created_at`, `updated_at`) VALUES ('61', '85', '2004-10-22 23:00:49', '2020-01-01 00:00:00');
INSERT INTO `orders` (`id`, `user_id`, `created_at`, `updated_at`) VALUES ('62', '18', '2015-12-24 12:54:46', '2020-01-01 00:00:00');
INSERT INTO `orders` (`id`, `user_id`, `created_at`, `updated_at`) VALUES ('63', '90', '1988-11-23 18:02:14', '2020-01-01 00:00:00');
INSERT INTO `orders` (`id`, `user_id`, `created_at`, `updated_at`) VALUES ('64', '15', '2018-10-03 17:20:54', '2020-01-01 00:00:00');
INSERT INTO `orders` (`id`, `user_id`, `created_at`, `updated_at`) VALUES ('65', '55', '1978-04-23 10:34:40', '2020-01-01 00:00:00');
INSERT INTO `orders` (`id`, `user_id`, `created_at`, `updated_at`) VALUES ('66', '16', '2007-07-10 00:08:03', '2020-01-01 00:00:00');
INSERT INTO `orders` (`id`, `user_id`, `created_at`, `updated_at`) VALUES ('67', '54', '1996-02-04 22:04:23', '2020-01-01 00:00:00');
INSERT INTO `orders` (`id`, `user_id`, `created_at`, `updated_at`) VALUES ('68', '54', '1987-12-24 22:06:51', '2020-01-01 00:00:00');
INSERT INTO `orders` (`id`, `user_id`, `created_at`, `updated_at`) VALUES ('69', '85', '1971-04-05 13:58:13', '2020-01-01 00:00:00');
INSERT INTO `orders` (`id`, `user_id`, `created_at`, `updated_at`) VALUES ('70', '96', '1992-12-07 00:37:31', '2020-01-01 00:00:00');
INSERT INTO `orders` (`id`, `user_id`, `created_at`, `updated_at`) VALUES ('71', '51', '1998-10-29 06:44:02', '2020-01-01 00:00:00');
INSERT INTO `orders` (`id`, `user_id`, `created_at`, `updated_at`) VALUES ('72', '11', '2010-05-06 14:36:24', '2020-01-01 00:00:00');
INSERT INTO `orders` (`id`, `user_id`, `created_at`, `updated_at`) VALUES ('73', '32', '2001-05-11 10:06:02', '2020-01-01 00:00:00');
INSERT INTO `orders` (`id`, `user_id`, `created_at`, `updated_at`) VALUES ('74', '69', '1991-03-21 01:15:11', '2020-01-01 00:00:00');
INSERT INTO `orders` (`id`, `user_id`, `created_at`, `updated_at`) VALUES ('75', '44', '2014-02-15 16:06:22', '2020-01-01 00:00:00');
INSERT INTO `orders` (`id`, `user_id`, `created_at`, `updated_at`) VALUES ('76', '72', '2004-11-11 21:31:12', '2020-01-01 00:00:00');

INSERT INTO `orders_products` (`id`, `order_id`, `product_id`, `total`, `created_at`, `updated_at`) VALUES ('1', '14', '4', 3, '1981-05-05 18:17:57', '2020-01-01 00:00:00');
INSERT INTO `orders_products` (`id`, `order_id`, `product_id`, `total`, `created_at`, `updated_at`) VALUES ('2', '37', '16', 2, '1979-06-22 16:41:26', '2020-01-01 00:00:00');
INSERT INTO `orders_products` (`id`, `order_id`, `product_id`, `total`, `created_at`, `updated_at`) VALUES ('3', '68', '4', 2, '1984-12-27 14:12:05', '2020-01-01 00:00:00');
INSERT INTO `orders_products` (`id`, `order_id`, `product_id`, `total`, `created_at`, `updated_at`) VALUES ('4', '20', '4', 4, '1981-07-28 07:34:02', '2020-01-01 00:00:00');
INSERT INTO `orders_products` (`id`, `order_id`, `product_id`, `total`, `created_at`, `updated_at`) VALUES ('5', '12', '13', 3, '2004-02-22 04:06:35', '2020-01-01 00:00:00');
INSERT INTO `orders_products` (`id`, `order_id`, `product_id`, `total`, `created_at`, `updated_at`) VALUES ('6', '31', '13', 5, '2018-02-24 20:33:26', '2020-01-01 00:00:00');
INSERT INTO `orders_products` (`id`, `order_id`, `product_id`, `total`, `created_at`, `updated_at`) VALUES ('7', '75', '6', 4, '1998-08-05 09:13:56', '2020-01-01 00:00:00');
INSERT INTO `orders_products` (`id`, `order_id`, `product_id`, `total`, `created_at`, `updated_at`) VALUES ('8', '70', '6', 4, '2018-02-27 19:14:49', '2020-01-01 00:00:00');
INSERT INTO `orders_products` (`id`, `order_id`, `product_id`, `total`, `created_at`, `updated_at`) VALUES ('9', '60', '11', 4, '2003-01-02 22:41:27', '2020-01-01 00:00:00');
INSERT INTO `orders_products` (`id`, `order_id`, `product_id`, `total`, `created_at`, `updated_at`) VALUES ('10', '1', '12', 2, '1974-08-27 18:48:40', '2020-01-01 00:00:00');
INSERT INTO `orders_products` (`id`, `order_id`, `product_id`, `total`, `created_at`, `updated_at`) VALUES ('11', '29', '5', 1, '1972-06-05 15:03:24', '2020-01-01 00:00:00');
INSERT INTO `orders_products` (`id`, `order_id`, `product_id`, `total`, `created_at`, `updated_at`) VALUES ('12', '46', '17', 4, '2000-04-20 15:00:43', '2020-01-01 00:00:00');
INSERT INTO `orders_products` (`id`, `order_id`, `product_id`, `total`, `created_at`, `updated_at`) VALUES ('13', '44', '5', 2, '1974-06-25 20:18:20', '2020-01-01 00:00:00');
INSERT INTO `orders_products` (`id`, `order_id`, `product_id`, `total`, `created_at`, `updated_at`) VALUES ('14', '48', '4', 2, '2005-04-27 01:11:03', '2020-01-01 00:00:00');
INSERT INTO `orders_products` (`id`, `order_id`, `product_id`, `total`, `created_at`, `updated_at`) VALUES ('15', '36', '17', 4, '2003-01-07 22:29:59', '2020-01-01 00:00:00');
INSERT INTO `orders_products` (`id`, `order_id`, `product_id`, `total`, `created_at`, `updated_at`) VALUES ('16', '40', '13', 3, '1988-09-14 23:39:23', '2020-01-01 00:00:00');
INSERT INTO `orders_products` (`id`, `order_id`, `product_id`, `total`, `created_at`, `updated_at`) VALUES ('17', '74', '3', 2, '1978-05-21 13:23:35', '2020-01-01 00:00:00');
INSERT INTO `orders_products` (`id`, `order_id`, `product_id`, `total`, `created_at`, `updated_at`) VALUES ('18', '32', '7', 1, '2003-07-03 13:44:15', '2020-01-01 00:00:00');
INSERT INTO `orders_products` (`id`, `order_id`, `product_id`, `total`, `created_at`, `updated_at`) VALUES ('19', '33', '13', 3, '1993-12-29 13:12:24', '2020-01-01 00:00:00');
INSERT INTO `orders_products` (`id`, `order_id`, `product_id`, `total`, `created_at`, `updated_at`) VALUES ('20', '69', '18', 5, '1980-07-31 18:11:23', '2020-01-01 00:00:00');
INSERT INTO `orders_products` (`id`, `order_id`, `product_id`, `total`, `created_at`, `updated_at`) VALUES ('21', '55', '3', 1, '1983-12-09 17:09:31', '2020-01-01 00:00:00');
INSERT INTO `orders_products` (`id`, `order_id`, `product_id`, `total`, `created_at`, `updated_at`) VALUES ('22', '61', '12', 3, '1993-09-21 23:26:36', '2020-01-01 00:00:00');
INSERT INTO `orders_products` (`id`, `order_id`, `product_id`, `total`, `created_at`, `updated_at`) VALUES ('23', '22', '4', 5, '2005-09-13 14:32:33', '2020-01-01 00:00:00');
INSERT INTO `orders_products` (`id`, `order_id`, `product_id`, `total`, `created_at`, `updated_at`) VALUES ('24', '43', '4', 5, '1975-10-21 13:41:40', '2020-01-01 00:00:00');
INSERT INTO `orders_products` (`id`, `order_id`, `product_id`, `total`, `created_at`, `updated_at`) VALUES ('25', '18', '17', 5, '1989-07-17 02:35:13', '2020-01-01 00:00:00');
INSERT INTO `orders_products` (`id`, `order_id`, `product_id`, `total`, `created_at`, `updated_at`) VALUES ('26', '58', '4', 3, '2011-06-06 19:44:06', '2020-01-01 00:00:00');
INSERT INTO `orders_products` (`id`, `order_id`, `product_id`, `total`, `created_at`, `updated_at`) VALUES ('27', '39', '11', 2, '1998-07-07 21:31:30', '2020-01-01 00:00:00');
INSERT INTO `orders_products` (`id`, `order_id`, `product_id`, `total`, `created_at`, `updated_at`) VALUES ('28', '23', '6', 3, '1975-04-19 17:36:54', '2020-01-01 00:00:00');
INSERT INTO `orders_products` (`id`, `order_id`, `product_id`, `total`, `created_at`, `updated_at`) VALUES ('29', '38', '13', 3, '1975-11-23 12:46:21', '2020-01-01 00:00:00');
INSERT INTO `orders_products` (`id`, `order_id`, `product_id`, `total`, `created_at`, `updated_at`) VALUES ('30', '64', '9', 1, '1986-08-27 04:24:16', '2020-01-01 00:00:00');
INSERT INTO `orders_products` (`id`, `order_id`, `product_id`, `total`, `created_at`, `updated_at`) VALUES ('31', '26', '11', 5, '1975-06-01 05:51:07', '2020-01-01 00:00:00');
INSERT INTO `orders_products` (`id`, `order_id`, `product_id`, `total`, `created_at`, `updated_at`) VALUES ('32', '15', '11', 2, '1984-09-11 05:03:59', '2020-01-01 00:00:00');
INSERT INTO `orders_products` (`id`, `order_id`, `product_id`, `total`, `created_at`, `updated_at`) VALUES ('33', '56', '10', 4, '2004-09-19 06:22:19', '2020-01-01 00:00:00');
INSERT INTO `orders_products` (`id`, `order_id`, `product_id`, `total`, `created_at`, `updated_at`) VALUES ('34', '49', '13', 4, '1974-08-31 01:36:20', '2020-01-01 00:00:00');
INSERT INTO `orders_products` (`id`, `order_id`, `product_id`, `total`, `created_at`, `updated_at`) VALUES ('35', '13', '6', 3, '1978-08-15 11:37:35', '2020-01-01 00:00:00');
INSERT INTO `orders_products` (`id`, `order_id`, `product_id`, `total`, `created_at`, `updated_at`) VALUES ('36', '19', '4', 2, '2011-08-23 14:08:29', '2020-01-01 00:00:00');
INSERT INTO `orders_products` (`id`, `order_id`, `product_id`, `total`, `created_at`, `updated_at`) VALUES ('37', '5', '16', 5, '1979-03-07 17:05:06', '2020-01-01 00:00:00');
INSERT INTO `orders_products` (`id`, `order_id`, `product_id`, `total`, `created_at`, `updated_at`) VALUES ('38', '6', '2', 4, '1985-06-22 17:11:29', '2020-01-01 00:00:00');
INSERT INTO `orders_products` (`id`, `order_id`, `product_id`, `total`, `created_at`, `updated_at`) VALUES ('39', '42', '7', 4, '1982-02-09 03:17:30', '2020-01-01 00:00:00');
INSERT INTO `orders_products` (`id`, `order_id`, `product_id`, `total`, `created_at`, `updated_at`) VALUES ('40', '17', '5', 3, '1995-09-27 05:47:14', '2020-01-01 00:00:00');
INSERT INTO `orders_products` (`id`, `order_id`, `product_id`, `total`, `created_at`, `updated_at`) VALUES ('41', '63', '17', 3, '1995-07-07 22:59:57', '2020-01-01 00:00:00');
INSERT INTO `orders_products` (`id`, `order_id`, `product_id`, `total`, `created_at`, `updated_at`) VALUES ('42', '53', '17', 1, '1997-07-09 01:34:09', '2020-01-01 00:00:00');
INSERT INTO `orders_products` (`id`, `order_id`, `product_id`, `total`, `created_at`, `updated_at`) VALUES ('43', '67', '14', 3, '2020-05-28 09:57:51', '2020-01-01 00:00:00');
INSERT INTO `orders_products` (`id`, `order_id`, `product_id`, `total`, `created_at`, `updated_at`) VALUES ('44', '28', '5', 1, '2009-09-13 21:07:26', '2020-01-01 00:00:00');
INSERT INTO `orders_products` (`id`, `order_id`, `product_id`, `total`, `created_at`, `updated_at`) VALUES ('45', '16', '11', 2, '2006-10-04 10:36:27', '2020-01-01 00:00:00');
INSERT INTO `orders_products` (`id`, `order_id`, `product_id`, `total`, `created_at`, `updated_at`) VALUES ('46', '65', '9', 2, '1982-10-02 04:13:16', '2020-01-01 00:00:00');
INSERT INTO `orders_products` (`id`, `order_id`, `product_id`, `total`, `created_at`, `updated_at`) VALUES ('47', '59', '13', 2, '2007-10-09 17:02:44', '2020-01-01 00:00:00');
INSERT INTO `orders_products` (`id`, `order_id`, `product_id`, `total`, `created_at`, `updated_at`) VALUES ('48', '8', '12', 2, '1977-08-18 21:59:06', '2020-01-01 00:00:00');
INSERT INTO `orders_products` (`id`, `order_id`, `product_id`, `total`, `created_at`, `updated_at`) VALUES ('49', '57', '2', 3, '1983-09-10 06:14:26', '2020-01-01 00:00:00');
INSERT INTO `orders_products` (`id`, `order_id`, `product_id`, `total`, `created_at`, `updated_at`) VALUES ('50', '10', '12', 3, '1984-02-28 02:03:41', '2020-01-01 00:00:00');
INSERT INTO `orders_products` (`id`, `order_id`, `product_id`, `total`, `created_at`, `updated_at`) VALUES ('51', '73', '4', 2, '1983-07-17 14:33:05', '2020-01-01 00:00:00');
INSERT INTO `orders_products` (`id`, `order_id`, `product_id`, `total`, `created_at`, `updated_at`) VALUES ('52', '21', '11', 3, '2013-02-01 13:11:27', '2020-01-01 00:00:00');
INSERT INTO `orders_products` (`id`, `order_id`, `product_id`, `total`, `created_at`, `updated_at`) VALUES ('53', '2', '13', 5, '2018-09-18 12:14:05', '2020-01-01 00:00:00');
INSERT INTO `orders_products` (`id`, `order_id`, `product_id`, `total`, `created_at`, `updated_at`) VALUES ('54', '62', '8', 1, '1996-06-23 08:34:04', '2020-01-01 00:00:00');
INSERT INTO `orders_products` (`id`, `order_id`, `product_id`, `total`, `created_at`, `updated_at`) VALUES ('55', '66', '3', 4, '2001-02-21 15:10:09', '2020-01-01 00:00:00');
INSERT INTO `orders_products` (`id`, `order_id`, `product_id`, `total`, `created_at`, `updated_at`) VALUES ('56', '50', '10', 3, '1983-12-31 15:37:09', '2020-01-01 00:00:00');
INSERT INTO `orders_products` (`id`, `order_id`, `product_id`, `total`, `created_at`, `updated_at`) VALUES ('57', '34', '7', 5, '1970-06-07 07:46:27', '2020-01-01 00:00:00');
INSERT INTO `orders_products` (`id`, `order_id`, `product_id`, `total`, `created_at`, `updated_at`) VALUES ('58', '4', '3', 3, '2012-08-12 18:41:43', '2020-01-01 00:00:00');
INSERT INTO `orders_products` (`id`, `order_id`, `product_id`, `total`, `created_at`, `updated_at`) VALUES ('59', '25', '6', 1, '1974-02-06 09:03:36', '2020-01-01 00:00:00');
INSERT INTO `orders_products` (`id`, `order_id`, `product_id`, `total`, `created_at`, `updated_at`) VALUES ('60', '30', '11', 4, '1980-04-29 22:55:21', '2020-01-01 00:00:00');
INSERT INTO `orders_products` (`id`, `order_id`, `product_id`, `total`, `created_at`, `updated_at`) VALUES ('61', '11', '10', 4, '2011-04-26 19:40:48', '2020-01-01 00:00:00');
INSERT INTO `orders_products` (`id`, `order_id`, `product_id`, `total`, `created_at`, `updated_at`) VALUES ('62', '47', '18', 5, '1987-02-02 16:41:25', '2020-01-01 00:00:00');
INSERT INTO `orders_products` (`id`, `order_id`, `product_id`, `total`, `created_at`, `updated_at`) VALUES ('63', '51', '7', 3, '1992-10-13 05:36:32', '2020-01-01 00:00:00');
INSERT INTO `orders_products` (`id`, `order_id`, `product_id`, `total`, `created_at`, `updated_at`) VALUES ('64', '3', '4', 5, '1988-09-25 03:09:33', '2020-01-01 00:00:00');
INSERT INTO `orders_products` (`id`, `order_id`, `product_id`, `total`, `created_at`, `updated_at`) VALUES ('65', '27', '1', 2, '1987-07-26 02:42:33', '2020-01-01 00:00:00');
INSERT INTO `orders_products` (`id`, `order_id`, `product_id`, `total`, `created_at`, `updated_at`) VALUES ('66', '52', '11', 5, '1987-07-24 16:34:46', '2020-01-01 00:00:00');
INSERT INTO `orders_products` (`id`, `order_id`, `product_id`, `total`, `created_at`, `updated_at`) VALUES ('67', '41', '13', 2, '2011-06-06 22:44:00', '2020-01-01 00:00:00');
INSERT INTO `orders_products` (`id`, `order_id`, `product_id`, `total`, `created_at`, `updated_at`) VALUES ('68', '72', '5', 5, '1971-11-09 21:09:51', '2020-01-01 00:00:00');
INSERT INTO `orders_products` (`id`, `order_id`, `product_id`, `total`, `created_at`, `updated_at`) VALUES ('69', '71', '11', 3, '1970-10-30 13:24:33', '2020-01-01 00:00:00');
INSERT INTO `orders_products` (`id`, `order_id`, `product_id`, `total`, `created_at`, `updated_at`) VALUES ('70', '54', '3', 2, '1974-09-24 12:28:39', '2020-01-01 00:00:00');
INSERT INTO `orders_products` (`id`, `order_id`, `product_id`, `total`, `created_at`, `updated_at`) VALUES ('71', '35', '16', 3, '1976-02-08 12:00:34', '2020-01-01 00:00:00');
INSERT INTO `orders_products` (`id`, `order_id`, `product_id`, `total`, `created_at`, `updated_at`) VALUES ('72', '76', '5', 3, '1998-08-24 22:41:56', '2020-01-01 00:00:00');
INSERT INTO `orders_products` (`id`, `order_id`, `product_id`, `total`, `created_at`, `updated_at`) VALUES ('73', '45', '5', 3, '1995-10-19 01:28:29', '2020-01-01 00:00:00');
INSERT INTO `orders_products` (`id`, `order_id`, `product_id`, `total`, `created_at`, `updated_at`) VALUES ('74', '24', '18', 5, '2009-11-26 03:30:52', '2020-01-01 00:00:00');
INSERT INTO `orders_products` (`id`, `order_id`, `product_id`, `total`, `created_at`, `updated_at`) VALUES ('75', '7', '7', 1, '1993-01-20 20:51:22', '2020-01-01 00:00:00');
INSERT INTO `orders_products` (`id`, `order_id`, `product_id`, `total`, `created_at`, `updated_at`) VALUES ('76', '9', '1', 2, '2013-03-24 18:05:44', '2020-01-01 00:00:00');